,song,text,Album,autor,duración,Año,Reproducciones,URL
0,A-YO,"[Intro]  Here we go!    [Verse 1]  I can't wait to smoke them all  Whole pack like Marlboro  Blow it in your face, blow it in your face  Blow it in your, blow it in your face  I can't wait to rev you up  Faster than you can say ""Ferrari""  Tearin' up the gravel, watch you unravel  Now it's a party    Hey, I can't wait to cast my spell  Which one you'll never tell  'Cause I got it covered, city gravy southern  Got you drippin' like no other    [Chorus]  Get off on me, my body's got you pleadin'  Light me up and breathe in  Mirror on the ceilin'  Off on me, my body's got you pleadin'  Light me up and breathe in  Mirror on the ceiling  A-YO, A-YO  We smokin' 'em all  A-YO, A-YO  We smokin' 'em all  A-YO, A-YO  We smokin' 'em all  A-YO, A-YO    [Verse 2]  I can't wait to blaze for real  Track burns like a road rail  Spin it in your face, spin it in your face  Play it in your, play it in your face    Can't wait to get you shook up  Faster than you can try to hate it  You can try to hate it, you can try to fake it  But baby, I laced it    [Chorus]  Get off on me, my body's got you pleadin'  Light me up and breathe in  Mirror on the ceilin'  Off on me, my body's got you pleadin'  Light me up and breathe in  Mirror on the ceiling  A-YO, A-YO  Mirror on the ceiling  (We smokin' 'em all)  A-YO, A-YO  Mirror on the ceiling  (We smokin' 'em all)  A-YO, A-YO  Mirror on the ceiling  (We smokin' on 'em all)  A-YO, A-YO  Aaaa-YO    [Refrain]  A-YO, A-YO  (We smokin' 'em all)  A-YO A-YO  (We smokin' 'em all)    [Chorus]  Get it da get it da get it get it  Get off on me, my body's got you pleadin'  Light me up and breathe in  Mirror on the ceilin'  Off on me, my body's got you pleadin'  Light me up and breathe in  Mirror on the ceiling  A-YO, A-YO  Mirror on the ceiling  (We smokin' 'em all)  A-YO, A-YO  Mirror on the ceiling  (We smokin' 'em all)  A-YO, A-YO  Mirror on the ceiling  (We smokin' 'em all)  A-YO, A-YO  Mirror on the ceiling    [Outro]  A-YO, A-YO  We smokin' 'em all  A-YO, A-YO  A-YO  A-YO  A-YO, A-YO  We smokin' 'em all  A-YO, A-YO  Hey YO",Joanne,"Lady Gaga, Mark Ronson, BloodPop, Hillary Lindsey",3:28,2016,16651869,https://www.last.fm/music/Lady+Gaga/JOANNE+(Deluxe)
1,Alejandro,"I know that we are young,  And I know that you may love me,  But I just can't be with you like this anymore,  Alejandro    She's got both hands  In her pocket  And she won't look at you  Won't look at you  She hides true love  En su bolsillo  She got a halo around her finger  Around you    You know that I love you boy  Hot like Mexico, rejoice  At this point I gotta choose  Nothing to lose    Don't call my name  Don't call my name, Alejandro  I'm not your babe  I'm not your babe, Fernando    Don't wanna kiss, don't wanna touch  Just smoke my cigarette and hush  Don't call my name  Don't call my name, Roberto    Alejandro  Alejandro  Ale-ale-jandro  Ale-ale-jandro    Alejandro  Alejandro  Ale-ale-jandro  Ale-ale-jandro    Stop, please,  Just let me go Alejandro,  Just let me go    She's not broken  She's just a baby  But her boyfriend's like a dad, just like a dad  And all those flames that burned before him  Now he's gonna fire fight, gotta cool the bad    You know that I love you boy  Hot like Mexico, rejoice  At this point I've gotta choose  Nothing to lose    Don't call my name  Don't call my name, Alejandro  I'm not your babe  I'm not your babe, Fernando    Don't wanna kiss, don't wanna touch  Just smoke my cigarette and hush  Don't call my name  Don't call my name, Roberto    Alejandro  Alejandro  Ale-ale-jandro  Ale-ale-jandro    Alejandro  Alejandro  Ale-ale-jandro  Ale-ale-jandro    Don't bother me,  Don't bother me, Alejandro  Don't call my name,  Don't call my name, bye, Fernando  I'm not your babe,  I'm not your babe, Alejandro  Don't wanna kiss, don't wanna touch,  Fernando    Don't call my name,  Don't call my name, Alejandro  I'm not your babe,  I'm not your babe, Fernando  Don't wanna kiss, don't wanna touch  Just smoke my cigarette and hush  Don't call my name,  Don't call my name,  Roberto    Alejandro  Alejandro  Ale-ale-jandro  Ale-ale-jandro    Alejandro  Alejandro  Ale-ale-jandro  Ale-ale-jandro    Don't call my name,  Don't call my name, Alejandro  I'm not your babe,  I'm not your babe, Fernando  Don't wanna kiss, don't wanna touch  Just smoke my cigarette and hush  Don't call my name,  Don't call my name, Roberto    Alejandro",The Fame Monster,Lady Gaga & RedOne,4:34,2009,109970686,https://www.last.fm/music/Lady+Gaga/The+Fame+Monster
2,Applause,"I stand here waiting for you to bang the gong  To crash the critics saying, ""is it right or is it wrong?""  If only fame had an IV, baby could I bear  Being away from you, I found the vein, put it in here    I live for the applause, applause, applause  I live for the applause-plause, live for the applause-plause  Live for the way that you cheer and scream for me  The applause, applause, applause    Give me that thing that I love (Turn the lights on)  Put your hands up, make 'em touch, touch (Make it real loud)  Give me that thing that I love (Turn the lights on)  Put your hands up, make 'em touch, touch (Make it real loud)    (A-P-P-L-A-U-S-E) Make it real loud  Put your hands up, make 'em touch, touch  (A-P-P-L-A-U-S-E) Make it real loud  Put your hands up, make 'em touch, touch    I've overheard your theory  ""Nostalgia's for geeks""  I guess sir, if you say so  Some of us just like to read    One second I'm a Kunst  Then suddenly the Kunst is me  Pop culture was in art  Now, art's in pop culture in me    I live for the applause, applause, applause  I live for the applause-plause, live for the applause-plause  Live for the way that you cheer and scream for me  The applause, applause, applause    Give me that thing that I love (Turn the lights on)  Put your hands up, make 'em touch, touch (Make it real loud)  Give me that thing that I love (Turn the lights on)  Put your hands up, make 'em touch, touch (Make it real loud)    (A-P-P-L-A-U-S-E) Make it real loud  Put your hands up, make 'em touch, touch  (A-P-P-L-A-U-S-E) Make it real loud  Put your hands up, make 'em touch, touch    Ooh touch, touch ooh  Touch, touch now ooh ooh ooh ooh    I live for the applause, applause, applause  I live for the applause-plause, live for the applause-plause  Live for the way that you cheer and scream for me  The applause, applause, applause    Give me that thing that I love (Turn the lights on)  Put your hands up, make 'em touch, touch (Make it real loud)  Give me that thing that I love (Turn the lights on)  Put your hands up, make 'em touch, touch (Make it real loud)    (A-P-P-L-A-U-S-E) Make it real loud  Put your hands up, make 'em touch, touch (Make it real loud)  (A-P-P-L-A-U-S-E) Make it real loud  Put your hands up, make 'em touch, touch    A-R-T-P-O-P",Artpop,"Lady Gaga, DJ White Shadow, DJ Snake, Julien Arias, Martin Bresso, Nicolas Mercier, Nick Monson y Dino Zisis",3:32,2013,30794636,https://www.last.fm/music/Lady+Gaga/ARTPOP
3,Artpop,"Come to me, in all your glamour and cruelty  Just do that thing that you do  And I'll undress you  Give it time, sometimes the simplest move is right  The melody that you choose, can rescue you    A hybrid can withstand these things  My heart can beat with bricks and strings  My ARTPOP could mean anything    We could, we could belong together (ARTPOP)  We could, we could belong together (ARTPOP)  We could, we could belong together (ARTPOP)  ARTPOP, ARTPOP, ARTPOP    Come to me, with all your subtext and fantasy  Just do that thing that you do  In a perverse hue  Lover's kites, are flown on beaches for public sight  The color palette you choose, can profit you    A hybrid can withstand these things  My heart can beat with bricks and strings  My ARTPOP could mean anything    Could try to sell you out or I  Could show you all the reasons why  My ARTPOP could mean anything    We could, we could belong together (ARTPOP)  We could, we could belong together (ARTPOP)  We could, we could belong together (ARTPOP)  ARTPOP, ARTPOP, ARTPOP    Brushes with darknes won't help you create  Your destiny of self but ARTPOP could mean anything, anything  I try to sell myself but I am really laughing  Because I just want the music, not the bling  Music, not the bling    We could, we could belong together (ARTPOP)  We could, we could belong together (ARTPOP)  We could, we could belong together (ARTPOP)  ARTPOP, ARTPOP, ARTPOP    We could, we could belong together (ARTPOP)  We could, we could belong together (ARTPOP)  We could, we could belong together (ARTPOP)  ARTPOP, ARTPOP, ARTPOP    Free my mind, ARTPOP  You make my, heart stop",Artpop,"Lady Gaga, DJ White Shadow, Nick Monson y Dino Zisis",4:08,2013,30794636,https://www.last.fm/music/Lady+Gaga/ARTPOP
4,"Beautiful, Dirty, Rich","Beautiful, dirty dirty, rich rich, dirty dirty  Beautiful, dirty rich  Dirty dirty rich, dirty dirty rich, beautiful  Beautiful and dirty, dirty rich, rich dirty    We got a red light  Pornographic dance fight  Systematic, honey  But we got no money    Our hair is perfect  While were all getting shit wrecked  It's automatic, honey  But we got no money    [Chorus]  Daddy I'm so sorry, I'm so sorry yeah  We just like to party, like to ppparty yeah  Bang bang, we're beautiful and dirty rich  Bang bang, we're beautiful and dirty rich    We live a cute life  Sound fematic, pants tight  Tug n' plastic, honey  But we got no money    We do the dance right  We have got it made like  Ice cream topped with honey  But we got no money    [Chorus]    A bang bang bang, bang bang bang, beautiful, dirty rich  A bang bang bang, bang bang bang, beautiful, dirty rich    Bang bang, we're beautiful and dirty rich  Bang bang, we're beautiful and dirty rich    Bang bang  Bang bang",The Fame,Lady Gaga y Fusari,2:52,2008,109970686,https://www.last.fm/music/Lady+Gaga/The+Fame
5,Bloody Mary,"Love is just a history that they may prove  And when you're gone I'll tell them my religion's you  When Pontius come to kill the king upon his throne  I'm ready for their stones    I'll dance, dance, dance  With my hands, hands, hands,  Above my head, head, head  Like Jesus, said  I'm gonna dance, dance, dance  With my hands, hands,  Hands above my head  Dance together  Forgive him before he's dead because    I won't cry for you  I won't crucify the things you do  I won't cry for you, see  When you're gone I'll still be bloody Mary    We are not just art for Michelangelo  To carve, he can't rewrite the aggro of my furied,  Heart, I'll wait on mountain tops in Paris cold  Je ne veux pas mourir toute seule    I'll dance, dance, dance  With my hands, hands, hands,  Above my head, head, head  Like Jesus, said  I'm gonna dance, dance, dance  With my hands, hands,  Hands above my head  Dance together  Forgive him before he's dead because    I won't cry for you  I won't crucify the things you do  I won't cry for you, see  When you're gone I'll still be bloody Mary    Gaga, Gaga, Gaga, Gaga, Gaga, Gaga, Gaga, Gaga  Dum dum da da da  Dum dum da da da da da da  Dum dum da da da  Dum dum da da da  Dum dum da da da da da da  Dum dum da da da    I won't cry for you  I won't crucify the things you do do do  I won't cry for you (Gaga), see (Gaga)  When you're gone I'll still be Bloody (Gaga) Mary (Gaga)    [Repeat: x8]  Oh oh oh oh oh (Gaga)    Oh, liberdad mi amor",Born this Way,"Lady Gaga, Fernando Garibay y DJ White Shadow",4:04,2011,54617900,https://www.last.fm/music/Lady+Gaga/Born+This+Way
6,Dope,"Cork's off, it's on  The party's just begun  I promise  This drink is my last one  I know I fucked up again  Because I lost my only friend  God forgive my sins  Don't leave me, I  Oh I will hate myself until I die    My heart would break without you  Might not awake without you  Been hurting low, from living high for so long  I'm sorry, and I love you  Sing with me, ""Bell Bottom Blue""  I'll keep on searching for an answer cause I need you more than dope    I need you more than dope  Need you more than dope  Need you more than dope  I need you more than dope    Toast one last puff  And two last regrets  Three spirits and  Twelve lonely steps  Up heaven's stairway to gold  Mine myself like coal  A mountain of a soul  Each day, I cry  Oh, I feel so low from living high    My heart would break without you  Might not awake without you  Been hurting low, from living high for so long  I'm sorry, and I love you  Sing with me, ""Bell Bottom Blue""  I'll keep searching for an answer cause I need you more than dope    I need you more than dope  I need you more than dope  I need you more than dope  I need you more than dope    I need you more  Need you more  I need you more than dope",Artpop,"Lady Gaga, DJ White Shadow, Nick Monson y Dino Zisis",3:42,2013,30794636,https://www.last.fm/music/Lady+Gaga/ARTPOP
7,I Like It Rough,"Your love is nothing I can't fight  Can't sleep with the man who dims my shine    I'm in the bedroom,  With tissues and when,  I know you're outside banging that I won't let you in  'Cause it's a hard life, with love in the world  And I'm a hard girl,  Loving me is like chewing on pearls    You've got me wandering why I  I like it rough I,  I like it rough I,  I like it rough    You've got me wandering why I  I like it rough I,  I like it rough I,  I like it rough    Won't go without my fix tonight  It's a little too rough  Prom girl wipes her tears with silver lines  And she can't get enough    I'm in the bedroom  With tissues and when,  I know you're outside banging that I won't let you in  'Cause it's a hard life, with love in the world  And I'm a hard girl  Loving me is like straightening curls    You've got me wandering why I  I like it rough I,  I like it rough I,  I like it rough    You've got me wandering why I  I like it rough I,  I like it rough I,  I like it rough    I'm shiny and I know it,  Don't know why you wanna blow it,  Need a man who likes it rough, likes it rough, likes it rough.    I'm shiny and I know it,  Don't know why you wanna blow it,  Need a man who likes it rough, likes it rough, likes it rough.    Is it because you don't mean it?  Or because I don't feel it?  Yes it's rough.    Is it because you don't mean it?  Or because I don't feel it?  Yes it's rough.    You've got me wandering why I  I like it rough I,  I like it rough I,  I like it rough    You've got me wandering why I  I like it rough I,  I like it rough I,  I like it rough    You've got me wandering why I  I like it rough I,  I like it rough I,  I like it rough    You've got me wandering why I  I like it rough I,  I like it rough I,  I like it rough",The Fame,Lady Gaga y Kierszenbaum,3:22,2008,109970686,https://www.last.fm/music/Lady+Gaga/The+Fame
8,Judas,"Whoa whoa I'm in love with Juda-as, Juda-as  Whoa whoa I'm in love with Juda-as, Juda-as  Juda-as! Juda-ah-as! Judas! Juda-ah-as  Juda-as! Juda-ah-as! Judas! Ga-ah ga-ah    Juda-as! Juda-ah-as! Judas! Juda-ah-as  Juda-as! Juda-ah-as! Judas! Ga-ah ga-ah    When he calls to me, I am ready  I'll wash his feet with my hair if he needs  Forgive him when his tongue lies through his brain  Even after three times he betrays me  Ah oh I'll bring him down, bring him down, down  Ah oh a king with no crown, king with no crown    I'm just a holy fool,  Oh baby it's so cruel but  I'm still in love with Judas baby  I'm just a Holy Fool, oh baby it's so cruel  But I'm still in love with Judas baby    Whoa whoa I'm in love with Juda-as, Juda-as  Whoa whoa I'm in love with Juda-as, Juda-as  Juda-as! Juda-ah-as! Judas! Juda-ah-as  Juda-as! Juda-ah-as! Judas! Ga-ah ga-ah    I couldn't love a man so purely  Even darkness forgave his goofy way  I've learned love is like a brick you can  Build a house or sink a dead body    Ah oh I'll bring him down, bring him down, down  Ah oh a king with no crown, king with no crown    I'm just a holy fool, oh baby it's so cruel  But I'm still in love with Judas, baby  I'm just a holy fool, oh baby it's so cruel  But I'm still in love with Judas, baby  Whoa whoa I'm in love with Juda-as, Juda-as  Whoa whoa I'm in love with Juda-as, Juda-as    In the most Biblical sense,  I am beyond repentance  Fame hooker, prostitute wench, vomits her mind  But in the cultural sense  I just speak in future tense  Judas kiss me if offenced,  Or wear an ear condom next time    I wanna love you, but something's pulling me away from you  Jesus is my virtue and Judas is the demon I cling to I cling to    Just a holy fool, oh baby he's so cruel  But I'm still in love with Judas, baby  I'm just a holy fool, oh baby it's so cruel  But I'm still in love with Judas, baby    Whoa whoa I'm in love with Juda-as, Juda-as  Whoa whoa I'm in love with Juda-as, Juda-as  Juda-as! Juda-ah-as! Judas! Juda-ah-as  Juda-as! Juda-ah-as! Judas! Ga-ah ga-ah",Born this Way,Lady Gaga y RedOne,4:09,2011,54617900,https://www.last.fm/music/Lady+Gaga/Born+This+Way
9,Just Dance,"Red wine, Konvict, Gaga (oh, yeah)    I've had a little bit too much - much oh oh woah!  All of the people start to rush, start to rush by.  How does she twist the dance  Can't find my drink, or man.  Where are my keys, I lost my phone.  What's going on out on the floor?  I love this record baby, but I can't see straight anymore.  Keep it cool, what's the name of this club?  I can't remember but it's alright, alright.    [Chorus]  Just dance, gonna be OK.  Da da doo doo just dance spin that record babe.  Da-da-doo-doo just dance, gonna be OK.  Duh-duh-duh dance, dance, dance, just dance.    Wish I could shut my playboy mouth.  How'd I turn my shirt inside out? Inside out right.  Control your poison babe  Roses have thorns they say.  And we're all gettin' hosed tonight.  What's going on on the floor?  I love this record baby, but I can't see straight anymore.  Keep it cool, what's the name of this club?  I can't remember but it's alright, alright.    [Chorus]    When I come through on the dance floor checkin' out that catalog.  Can't believe my eyes so many women without a flaw.  And I ain't gonna give it up, steady tryin' to pick it up like the car  I'm a hit it, I'm a hit it and flex until the 'till done until tomorrow yeah.    Shawty I can see that you got so much energy,  The way you twirling up them hips round and round  There's no reason, I know why you can't leave here with me  In the meantime stand, let me watch you break it down and dance    Gonna be okay da-da-doo-doo  Just dance, spin that record babe.  Da-da-doo-doo Just dance, gonna be OK.  Da-da-doo-doo just dance, spin that record babe.  Da-da-doo-doo just dance, gonna be OK.  Duh-duh-duh dance, dance, dance, just dance    Half psychotic sick-hypnotic  Got my blueprint it's symphonic  Half psychotic sick-hypnotic  Got my blueprint electronic  Half psychotic sick-hypnotic  Got my blueprint it's symphonic  Half psychotic sick-hypnotic  Got my blueprint electronic    Go, use your muscle carve it out work it, hustle  (I got it, just stay close enough to get it)  Don't slow, drive it, clean it Lysol, bleed it  Spend the last dough (I got it) on your pocko (I got it)    Just dance, gonna be okay.  Da-da-doo-doo just dance, spin that record babe.  Da-da-doo-doo just dance, gonna be OK.  Da-da-doo-doo just dance, spin that record babe.  Da-da-doo-doo just dance, gonna be OK.  Duh-duh-duh dance, dance, dance, just dance.",The Fame,"Lady Gaga, RedOne y Akon",4:01,2008,109970686,https://www.last.fm/music/Lady+Gaga/The+Fame
10,Poker Face,"I wanna hold 'em like they do in Texas plays  Fold 'em, let 'em, hit me, raise it baby stay with me (I love it)  Love Game intuition play the cards with spades to start  And after he's been hooked I'll play the one that's on his heart    Oh, oh, oh, oh, oh, oh-oh-e-oh-oh-oh  I'll get him hot, show him what I've got  Oh, oh, oh, oh, oh, oh-oh-e-oh-oh-oh,  I'll get him hot, show him what I've got    [Chorus]  Can't read my,  Can't read my,  No he can't read my poker face  (She's got me like nobody)  Can't read my  Can't read my  No he can't read my poker face  (She is gonna let nobody)    P p p poker face, p p p poker face  (Muh muh muh muh)  P p p poker face, p p poker face  (Muh muh muh muh)    I wanna roll with him a hard pair we will be  A little gambling is fun when you're with me (I love it)  Russian Roulette is not the same without a gun  And baby when it's love, if its not rough it isn't fun, fun    Oh, oh, oh, oh, oh, oh-oh-e-oh-oh-oh  I'll get him hot, show him what I've got  Oh, oh, oh, oh, oh, oh-oh-e-oh-oh-oh,  I'll get him hot, show him what I've got    [Chorus]    P p p poker face, p p p poker face  (Muh muh muh muh)  P p p poker face, p p p poker face  (Muh muh muh muh)    I won't tell you that I love you  Kiss or hug you  Cause I'm bluffing with my muffin  I'm not lying I'm just stunning with my love glue gunnin'  Just like a chick in the casino  Take your bank before I pay you out  I promise this, promise this  Check this hand cause I'm marvelous    [Chorus: x3]    P p p poker face, p p p poker face  (Muh muh muh muh)  P p p poker face, p p p poker face  (Muh muh muh muh)    (She is gonna let nobody)    P p p poker face, p p p poker face  (Muh muh muh muh)  P p p poker face, p p p poker face  (Muh muh muh muh)    P p p poker face, p p p poker face  (Muh muh muh muh)  P p p poker face, p p p poker face  (Muh muh muh muh)",The Fame,Lady Gaga y RedOne,3:57,2008,109970686,https://www.last.fm/music/Lady+Gaga/The+Fame
11,Starstruck,"Groove. slam. work it back. filter that. baby bump that track.  Groove. slam. work it back. filter that. baby bump that track.  Groove. slam. work it back. space cowboy just play that track.  Gaga in the room. so starstruck cherry cherry cherry cherry boom boom.    Rollin' up to the club on the weekend  Stylin' out to the beat that you're freakin'  Fantasize I'm the track that you're tweakin'  Blow my heart up put your hands on my waist pull the fader  Run it back with original flavor  Cue me up I'm the twelve on your table I'm so starstruck    I'm so starstruck  Baby 'cause you blow my heart up  I'm so starstruck  Baby 'cause you blow my heart up    I'm so starstruck  Baby 'cause you blow my heart up  I'm so starstruck  Baby 'cause you blow my heart up    Baby now that were alone gotta request  Would you make me number one on your playlist?    Put your Dre headphones with the left side on  Wanna scratch it back and forth, back and forth uh huh    Put your hands on my waist pull the fader  Run it back with original flavor  Get the breakdown first  Up until the chorus  To the verse  Re-ke-re-ke-reverse    I'm so starstruck  Baby 'cause you blow my heart up  I'm so starstruck  Baby 'cause you blow my heart up    I'm so starstruck  Baby 'cause you blow my heart up  I'm so starstruck  Baby 'cause you blow my heart up    Hey Lil' mamma like really, really is that him  I done seen you before what you got on them big rims  Enter that cash flow, I'm like baby you don't trip    So Shawty say hand over your signature right here  Like adjust the dotted line and I suppose to sign  How she at it, a fanatic and I think it's goin' down  She so star struck, the gal all stuck  I should have had an overdose too many starbucks    Ain't never seen a balla, paper that stack taller  Notice who let the top back on the chevy impala  Hummers and all that fully loaded with two spoilers  What did you call that when you showed up with two dollars    But that's another chapter, son of a bachelor  All on me, just spotted a baby actor  Complete swagga, they go the dagga  Got what she wants, shawty happily ever after    I'm so starstruck  Baby 'cause you blow my heart up  I'm so starstruck  Baby 'cause you blow my heart up    I'm so starstruck  Baby 'cause you blow my heart up  I'm so starstruck  Baby 'cause you blow my heart up    Groove. slam. work it back. filter that. baby bump that track.  Groove. slam. work it back. filter that. baby bump that track.  Groove. slam. work it back. filter that. baby bump that track.  Groove. slam. work it back. baby bump that track.    Baby now that were alone gotta request  Would you make me number one on your play list?    Put your dre headphones with the left side on  Wanna scratch it back and forth, back and forth uh huh    Put your hands on my waist pull the fader  Run it back with original flavor  Get the breakdown first  Up until the chorus  To the verse  I'm so starstruck    I'm so starstruck  Baby 'cause you blow my heart up  I'm so starstruck  Baby 'cause you blow my heart up    I'm so starstruck  Baby 'cause you blow my heart up  I'm so starstruck  Baby 'cause you blow my heart up",The Fame,"Lady Gaga, Kierszenbaum, Space Cowboy y Flo Rida",3:37,2008,109970686,https://www.last.fm/music/Lady+Gaga/The+Fame
12,The Fame,"I can't help myself  I'm addicted to a life of material  It's some kind of joke  I'm obsessively opposed to the typical    All we care about is  Runway models, Cadillacs and liquor bottles  Give me something, I wanna be  Retro glamor, Hollywood, yes we live for the    [Chorus]  Fame, doin' it for the fame  Cause we wanna live the life  Of the rich and famous  Fame, doin' it for the fame  Cause we gotta taste for champagne  And endless fortune    Fame, fame baby  The fame, fame  We live for the fame, fame baby  The fame, fame  Isn't it a shame, shame baby  A shame, shame  In it for the fame, fame baby  The fame, fame    I can see myself in the movies  With my picture in the city lights  Photograph my mind  And what else you like to shoot  You decide    All we care about is  Pornographic girls on film and body plastic  Give me something  I wanna see television and hot blonds in odd positions    [Chorus]    Fame, fame baby  The fame, fame  We live for the fame, fame baby  The fame, fame  Isn't it a shame, shame baby  A shame, shame  In it for the fame, fame baby  The fame, fame    Don't ask me how or why  But I'm gonna make it happen this time  My teenage dream tonight  Yeah I'm gonna make it happen this time    Fame, doin' it for the fame  Cause we wanna live the life  Of the rich and famous    [Chorus: x2]",The Fame,Lady Gaga y Kierszenbaum,3:42,2008,109970686,https://www.last.fm/music/Lady+Gaga/The+Fame
13,Again Again,"You've gotta a lotta lotta nerve  Coming here when I'm still with him  And I can't have you, it isn't fair  Born March of '86, my birthday's coming  And if I had one wish  Yeah, you'd be it    When you're 'round  I lose myself inside your mouth  You've got brown eyes  Like no one else  Baby make it to me    [Chorus]  Again and again  Again, again, again, again  Never stop again and again  Again, again, a a again, again  Never stop, oh    He never really saw me  Or waited when we were hooking up  Yeah he'd a never last  Last week when I was sad  You said that you knew  My eyes change from kinda green  To kind blue, hey yea    When you're 'round  I lose myself inside your mouth  You've got brown eyes  Like no one else  Baby make it to me    [Chorus]    Hey tell me if I leave him  Baby would you be there  'Cause maybe you could  Be more than that, all the time  I'm sad chillin'",The Fame,Lady Gaga,-,2008,109970686,https://www.last.fm/music/Lady+Gaga/The+Fame
14,Angel Down,"[Verse 1]  I confess I am lost  In the age of the social  On our knees, take a test  To be lovin' and grateful    [Pre-Chorus]  Shots were fired on the street  By the church where we used to meet  Angel down, angel down  But the people just stood around  [Chorus]  I'm a believer, it's a trial  Foolish and weaker, oh, oh, oh  I'd rather save an angel down  I'm a believer, it's chaos  Where are our leaders? Oh, oh, oh  I'd rather save an angel down    [Verse 2]  Doesn't everyone belong  In the arms of the sacred  Why do we pretend we're wrong?  Has our young courage faded?    [Pre-Chorus]  Shots were fired on the street  By the church where we used to meet  Angel down, angel down  Why do people just stand around?    [Chorus]  I'm a believer, it's a trial  Foolish and weaker, oh, oh, oh  I'd rather save an angel down  I'm a believer, it's chaos  Where are our leaders? Oh, oh, oh  I'd rather save an angel down    [Bridge]  Who, who, who, who, who  Who, who, who, who, who    [Chorus]  I'm a believer, it's a trial  Foolish and weaker, oh, oh, oh  I'd rather save an angel down  I'm a believer, it's chaos  Where are our leaders? Oh, oh, oh  I'd rather save an angel down    [Outro]  Save that angel  Hear that angel  Catch my angel  Save that angel  Hear that angel  Catch my angel  Hear that angel  Hear that angel  Catch my angel  Save that angel  Hear that angel  Catch my angel  Hear that angel  Catch my angel",Joanne,"Lady Gaga, RedOne",3:49,2016,16651869,https://www.last.fm/music/Lady+Gaga/JOANNE+(Deluxe)
15,Aura,"I killed my former and  Left her in the trunk on highway ten  Put the knife under the hood  If you find it, send it straight to Hollywood    Ha ha ha ha ha ha ha ha ha ha ha ha  Ha ha ha ha ha ha ha ha ha ha ha ha  Ha ha ha ha ha ha ha ha ha ha ha ha  Aura-a-a-a aura-a-a-a  Aura-a-a-a aura-a-a-a  Aura-a-a-a aura-a-a-a    I'm not a wandering slave I am a woman of choice  My veil is protection for the gorgeousness of my face  You ought to pity me 'cause was always one man to love  But in the bedroom the size of him's more than enough    Do you wanna see me naked, lover?  Do you wanna peek underneath the cover?  Do you wanna see the girl who lives behind the aura, behind the aura?  Do you wanna touch me, cosmic lover?  Do you wanna peek underneath the cover?  Do you wanna see the girl who lives behind the aura?  Behind the aura, behind the aura, behind the aura?    Enigma pop star is fun, she wear burqa for fashion  It's not a statement as much as just a move of passion  I may not walk on your street or shoot a gun on your soil  I hear you screaming, is it because of pleasure or toil?    Dance, sex, art, pop, tech  Dance, sex, art, pop, tech    Do you wanna see me naked, lover?  Do you wanna peek underneath the cover?  Do you wanna see the girl who lives behind the aura, behind the aura?  Do you wanna touch me, cosmic lover?  Do you wanna peek underneath the cover?  Do you wanna see the girl who lives behind the aura?  Behind the aura, behind the curtain, behind the burga",Artpop,"Lady Gaga, Zedd, Erez Aizen y Amit Duvdevani",3:56,2013,30794636,https://www.last.fm/music/Lady+Gaga/ARTPOP
16,Bad Kids,"We don't care what people say  We know the truth  Enough is enough with this horse shit  I am not a freak  I was born with my freedom  Don't tell me I'm less than my freedom    I'm a bitch, I'm a loser baby, maybe I should quit  I'm a jerk, wish I had the money but I can't find work  I'm a brat, I'm a selfish punk, I really should be smacked  My parents tried till they got divorced  'Cause I ruined their lives    I'm a bad kid  And I'll survive  Oh I'm a bad kid  Don't know wrong from right  I'm a bad kid and this is my life  One of the bad kids  Don't know wrong from right  (This is my life)    Don't be insecure  If your heart is pure  You're still good to me if you're a bad kid, baby  Don't be insecure  If your heart is pure  You're still good to me if you're a bad kid, baby  A bad kid baby  A bad kid baby  Don't be insecure    I'm a twit, degenerate, young rebel and I'm proud of it  Pump your fist  If you would rather mess up than put up with this  I'm a nerd, I chew gum and smoke in your face I'm absurd  I'm so bad and I don't give a damn, l love it when you're mad  When you're mad  When you're mad    I'm a bad kid  And I will survive  Oh I'm a bad kid  Don't know wrong from right  I'm a bad kid and this is my life  One of the bad kids  Don't know wrong from right  (This is my life)    Don't be insecure  If your heart is pure  You're still good to me if you're a bad kid, baby  Don't be insecure  If your heart is pure  You're still good to me if you're a bad kid baby  A bad kid baby  A bad kid baby  Don't be insecure    I'm not that typical baby  I'm a bad kid like my Mom and Dad made me  I'm not that cool and you hate me  I'm a bad kid that's the way that they made me    I'm a bad kid I'm disastrous  Give me your money or I'll hold my breath  I'm a bad kid and I will survive  One of the bad kids  Don't know wrong from right    Don't be insecure  If your heart is pure  You're still good to me if you're a bad kid, baby  Don't be insecure  If your heart is pure  You're still good to me if you're a bad kid, baby    [Repeat: x5]  A bad kid, baby",Born this Way,"Lady Gaga, Fernando Garibay, DJ White Shadow y Jeppe Laursen",3:50,2011,54617900,https://www.last.fm/music/Lady+Gaga/Born+This+Way
17,Bad Romance,"Oh-oh-oh-oh-oh! Oh-oh-oh-oh-oh-oh!  Caught in a bad romance  Oh-oh-oh-oh-oh! Oh-oh-oh-oh-oh-oh!  Caught in a bad romance    Rah rah ah-ah-ah!  Ro mah ro-mah-mah  Gaga oh-la-la!  Want your bad romance    Rah rah ah-ah-ah!  Ro mah ro-mah-mah  Gaga ooh-la-la!  Want your bad romance    I want your ugly  I want your disease  I want your everything  As long as it's free  I want your love  Love-love-love  I want your love    I want your drama  The touch of your hand  I want your leather studded kiss in the sand  I want your love  Love-love-love, I want your love (Love-love-love, I want your love)    You know that I want you  And you know that I need you  I want it bad  Your bad romance    I want your love and  I want your revenge  You and me could write a bad romance  (Oh-oh-oh-oh-oooh!)  I want your love and  All your lovers revenge  You and me could write a bad romance    Oh-oh-oh-oh-oh! Oh-oh-oh-oh-oh-oh!  Caught in a bad romance    Oh-oh-oh-oh-ooh! Oh-oh-ooh-oh-oh-oh!  Caught in a bad romance    Rah rah ah-ah-ah!  Ro mah ro-mah-mah  Gaga ooh-la-la!  Want your bad romance    I want your horror  I want your design  'Cause you're a criminal  As long as your mine  I want your love  Love-love-love  I want your love    I want your psycho, your vertigo shtick  Want you in my rear window  Baby you're sick, I want your love  Love-love-love, I want your love (Love-love-love, I want your love)    You know that I want you  And you know that I need you  I want it bad, bad romance    I want your love and  I want your revenge  You and me could write a bad romance  (Oh-oh-oh-oh-ooh!)  I want your love and  All your lovers revenge  You and me could write a bad romance    Oh-oh-oh-oh-ooh! Oh-oh-ooh-oh-oh-oh!  Caught in a bad romance    Oh-oh-oh-oh-ooh! Oh-oh-ooh-oh-oh-oh!  Caught in a bad romance    Rah rah ah-ah-ah!  Ro mah ro-mah-mah  Gaga ooh-la-la!  Want your bad romance    Rah rah ah-ah-ah!  Ro mah ro-mah-mah  Gaga oh-la-la!  Want your bad romance    Walk, walk fashion baby, work it move that bitch crazy  Walk-walk fashion baby, work it move that bitch crazy  Walk-walk fashion baby, work it move that bitch crazy  Walk-walk passion baby, work it I'm a free bitch baby    I want your love  And I want your revenge  I want your love  I don't wanna be friends    (J'veux ton amour et je veux ta revanche j'veux ton amour)  I don't wanna be friends, I don't wanna be friends  I don't wanna be friends, I don't wanna be friends  Want your bad romance (caught in a bad romance) want your bad romance    I want your love and  I want your revenge  You and me could write a bad romance  (Oh-oh-oh-oh-ooh!)  I want your love and  All your lovers revenge  You and me could write a bad romance    Oh-oh-oh-oh-ooh! Want your bad romance  Caught in a bad romance  Want your bad romance  Oh-oh-oh-oh-ooh! Want your bad romance  Caught in a bad romance    Rah rah ah-ah-ah!  Ro mah ro-mah-mah  Gaga ooh-la-la!  Want your bad romance",The Fame Monster,Lady Gaga & RedOne,4:55,2009,109970686,https://www.last.fm/music/Lady+Gaga/The+Fame+Monster
18,Born This Way,"It doesn't matter if you love him, or capital H-I-M  Just put your paws up 'cause you were born this way, baby    My mama told me when I was young  We are all born superstars    She rolled my hair and put my lipstick on  In the glass of her boudoir    ""There's nothing wrong with loving who you are""  She said, ""'Cause he made you perfect, babe""  ""So hold your head up girl and you'll go far,  Listen to me when I say""    I'm beautiful in my way  'Cause God makes no mistakes  I'm on the right track, baby I was born this way    Don't hide yourself in regret  Just love yourself and you're set  I'm on the right track, baby  I was born this way (Born this way)    Oh there ain't no other way  Baby I was born this way  Baby I was born this way  Oh there ain't no other way  Baby I was born this way  Right track baby I was born this way    Don't be a drag, just be a queen  Don't be a drag, just be a queen  Don't be a drag, just be a queen  Don't be don't be don't be    Give yourself prudence  And love your friends  So we can rejoice your truth    In the religion of the insecure  I must be myself, respect my youth    A different lover is not a sin  Believe capital H-I-M (hey hey hey)  I love my life I love this record and  Mi amore vole fe, yah    I'm beautiful in my way  'Cause God makes no mistakes  I'm on the right track, baby  I was born this way    Don't hide yourself in regret  Just love yourself and you're set  I'm on the right track, baby  I was born this way    Oh there ain't no other way  Baby I was born this way  Baby I was born this way  Oh there ain't no other way  Baby I was born this way  Right track, baby I was born this way    Don't be a drag, just be a queen  Whether you're broke or evergreen  You're black, white, beige, chola descent  You're Lebanese, you're Orient  Whether life's disabilities  Left you outcast, bullied, or teased  Rejoice and love yourself today  'Cause baby you were born this way    No matter gay, straight, or bi  Lesbian, transgendered life  I'm on the right track baby  I was born to survive  No matter black, white or beige  Chola or orient made  I'm on the right track baby  I was born to be brave    I'm beautiful in my way  'Cause God makes no mistakes  I'm on the right track, baby I was born this way    Don't hide yourself in regret  Just love yourself and you're set  I'm on the right track, baby  I was born this way yeah    Oh there ain't no other way  Baby I was born this way  Baby I was born this way (Born this way)  Oh there ain't no other way  Baby I was born this way  Right track, baby I was born this way    I was born this way hey  I was born this way hey  I'm on the right track baby  I was born this way hey    I was born this way hey  I was born this way hey  I'm on the right track baby  I was born this way hey    Same D.N.A. but born this way  Same D.N.A. but born this way",Born this Way,Lady Gaga y Jeppe Laursen,4:20,2011,54617900,https://www.last.fm/music/Lady+Gaga/Born+This+Way
19,Boys Boys Boys,"Hey there sugar baby  Saw you twice at the pop show  You taste just like glitter mixed with rock and roll  I like you a lot lot  Think you're really hot hot    I know you think you're special  When we dance real crazy  Glamaphonic, electronic, disco baby  I like you a lot lot  All we want is hot hot    [Chorus]  Boys boys boys  We like boys in cars  Boys boys boys  Buy us drinks in bars  Boys boys boys  With hairspray and denim  Boys boys boys  We love them! (We love them)    Oh, oh    Baby is a bad boy with some retro sneakers  Let's go see The Killers and make out in the bleachers  I like you a lot lot, think you're really hot hot  Let's go to the party heard our buddy's the DJ  Don't forget my lipstick I left it in your ashtray  I like you a lot lot, all we want is hot hot    [Chorus: x2]    I'm not loose, I like to party  Let's get lost in your Ferrari  Not psychotic or dramatic  I like boys and that is that  Love it when you call me legs  In the morning buy me eggs  Watch your heart when we're together  Boys like you love me forever    Oh, oh, oh, oh    [Chorus: x3]",The Fame,Lady Gaga y RedOne,3:22,2008,109970686,https://www.last.fm/music/Lady+Gaga/The+Fame
20,Brown Eyes,"In your brown eyes, walked away  In your brown eyes, couldn't stay  In your brown eyes, you watch her go    And turn the record on  And wonder what went wrong  What went wrong    If everything was everything  But everything is over  Everything could be everything  If only we were older    Guess it's just a silly song about you  And how I lost you  And your brown eyes    In your brown eyes, I was feeling low  Cause they're brown eyes and you never know  Got some brown eyes, but a soft face    I knew that it was wrong  So baby, turn the record on  Play that song    Where everything was everything  But everything is over  Everything could be everything  If only we were older    I guess its just a silly song about you  And how I lost you  And your brown eyes    Brown eyes    Everything was everything  But baby it's the last show  Everything could be everything  But it's time to say goodbye so  Get your last fix, and your last hit  Grab your old girl with her new tricks    Honey yeah, it's no surprise  I got lost in your brown eyes    In your brown eyes  Brown, brown eyes  Your brown eyes  Brown, brown eyes  Got some brown eyes  Brown, brown eyes  Your brown eyes",The Fame,Lady Gaga y Fusari,4:03,2008,109970686,https://www.last.fm/music/Lady+Gaga/The+Fame
21,Diamond Heart,"[Verse 1]  Young, wild, American  Lookin' to be somethin'  Out of school go-go'n  For a hundred or two  Some asshole broke me in  Wrecked all my innocence  I'll just keep go-go'n  And this dance is on you    [Pre-Chorus]  One, five, ten, lay a million on me  Before the end of this song  [Chorus]  Young, wild, American  C'mon baby, do you have a girlfriend?  Rain on me a million  I'm not flawless, but I gotta diamond heart    [Post-Chorus]  Oh, I  I might not be flawless, but you know  I gotta diamond heart  Oh, I  I might not be flawless, but you know  I gotta diamond heart    [Verse 2]  Young, wild, American  Head full of Jameson  Girl's playin' bad 'cause it doesn't pay to be good  A cruel king made me tough  Daddy's girl's never good enough  I'll just keep go-go'n  'Cause this dance is on you    [Pre-Chorus]  One, five, ten, lay a million on me  Before the end of this song    [Chorus]  Young, wild, American  C'mon baby, do you have a girlfriend?  Rain on me a million  I'm not flawless, but I gotta diamond heart    [Post-Chorus]  Oh, I  I might not be flawless, but you know  I gotta diamond heart  Oh, I  I might not be flawless, but you know  I gotta diamond heart    [Bridge]  Good thing I know what I'm worth  Want a good thing, put the money down first  Better get a good look baby  'Cause soon I'm breaking out of here    [Chorus]  Young, wild, American  C'mon baby, do you have a girlfriend?  Rain on me a million  I'm not flawless, but I gotta diamond heart    [Post-Chorus]  Oh, I  I might not be flawless, but you know  I gotta diamond heart  Oh, I  I might not be flawless, but you know  I gotta diamond heart    [Outro]  Diamond heart",Joanne,"Lady Gaga, Mark Ronson, Josh Homme",3:30,2016,16651869,https://www.last.fm/music/Lady+Gaga/JOANNE+(Deluxe)
22,Disco Heaven,"Oh disco heaven  Oh disco heaven    Get back bunny  It's getting cold in here little honey  We got a show to put on your dress  Take a minute for us and relax, relax  Cupid's got me oh with his bow and arrow baby  He'll hit you in the pants hot pants  Get the people to dance and relax, relax    Oh the lights dim while we're dancing  Yeah the floor is shaking  In this disco heaven  (Oh disco heaven)  The disco heaven    (Oh disco heaven)    Oh the lights dim while we're dancing  Yeah the floor is shaking  In this disco heaven  (Oh disco heaven)  The disco heaven    (Oh disco heaven)    Throw your head back girly  Throw it like those girls in the movies  We got a show to put on your dress  Take a minute for us and relax, relax    The ball is turning 300 mirrors burning  Through the hearts of the crowd  In the back hips just banging the track  To the music the music    Oh the lights dim while we're dancing  Yeah the floor is shaking  In this disco heaven  (Oh disco heaven)  The disco heaven    (Oh disco heaven)    Oh the lights dim while we're dancing  Yeah the floor is shaking  In this disco heaven  (Oh disco heaven)  The disco heaven    (Oh disco heaven)    Oh we got that disco  D-I-S-C-O  And we're in heaven  H-e-a-v-e-n  Disco heaven    Feels just like heaven  Disco heaven  Disco heaven    A line up for the dance  Yeah bring those fancy pants  Y'know there's disco in the air  And hairspray everywhere    A disco heaven  A disco heaven  Disco heaven  Disco heaven    Oh the lights dim while we're dancing  Yeah the floor is shaking  In this disco heaven  (Oh disco heaven)  The disco heaven    (Oh disco heaven)    Oh the lights dim while we're dancing  Yeah the floor is shaking  In this disco heaven  (Oh disco heaven)  The disco heaven    (Oh disco heaven)",The Fame,Lady Gaga,-,2008,109970686,https://www.last.fm/music/Lady+Gaga/The+Fame
23,Donatella,"I am so fab  Check out  I'm blonde  I'm skinny  I'm rich,  And I'm a little bit of a bitch    I wanna dress you up in silk, Taffeta  Tailor these clothes to fit your guilt, what's your size?  This purse can hold my black card and tiara  Versace promises I will, Dolce Vita    What do you wanna wear this spring?  What do you think is the new thing?  What do you wanna wear this season?  Donatella    (I'm smokin em on full tank of gas)  Mi-Mi-Bella  (I'm a rich bitch, I'm the upper class)  All of the day  (I'm the pearl to your oyster, I'm a babe)  I'm gonna smoke Marlboro Lights and drink Champagne  (I smoke Marlboro Reds and drink Champagne)  Donatella    'Cause she walks so bad, like it feels so good  Listen to her radiate her magic  Even though she knows she's misunderstood  Voodoo, Voodoo, Voo-Don-Na-Na    Walk down the runway, but don't puke, It's okay  You just had a salad today, Boulangerie  Just ask your gay friends their advice, before you  Get a spray tan on Holiday, in Taipei    What do you wanna wear this spring?  What do you think is the new thing?  What do you wanna wear this season?  Donatella    (I'm smokin em on full tank of gas)  Mi-Mi-Bella  (I'm a rich bitch, I'm the upper class)  All of the day  (I'm the pearl to your oyster, I'm a babe)  I'm gonna smoke Marlboro Lights and drink Champagne  (I smoke Marlboro Reds and drink Champagne)  Donatella    'Cause she walks so bad, like it feels so good  Listen to her radiate her magic  Even though she knows she's misunderstood  Voodoo, Voodoo, Voo-Don-Na-Na    Check it out, take it in  Who's that bitch, she's so thin (Ooh nah nah nah)  She's so rich, and so blonde  She so fab, it's beyond  What do you wanna wear this spring?  What do you think is the new thing?  What do you wanna wear this season?  Donatella, Donatella  All of the day  I'm gonna wear designer and forget your name  Donatella, Donatella    'Cause she walks so bad, like it feels so good  Listen to her radiate her magic  Even though she knows she's misunderstood  Voodoo, Voodoo, Voo-Don-Na-Na    Voo-Don-Na-Na",Artpop,Lady Gaga y Zedd,4:25,2013,30794636,https://www.last.fm/music/Lady+Gaga/ARTPOP
24,Electric Chapel,"My body is sanctuary  My blood is pure  Doo doo doo doo doo doo doo  You want me bad  I think you're cool  But I'm not sure  Doo doo doo doo doo doo doo    Follow me  Don't be such a holy fool  Follow me  I need something more from you  It's not about sex or champagne  You holy fool  Doo doo doo doo doo doo doo    [Chorus]  If you want me  Meet me at electric chapel  If you want me  Meet me at electric chapel  If you wanna steal my heart away  Meet me, meet me baby in a safe place  Come on meet me  In electric chapel    Come dance to me where you have been  Next to the bar  Doo doo doo doo doo doo doo  Pray for your sins  Right under the glass disco ball  Doo doo doo doo doo doo doo    Follow me  Don't be such a holy fool  Follow me  I need something sacred from you  Together we'll both find a way  To make it pure  Love working in dirty way    [Chorus]    Ho oh oh oh, ho oh oh oh  Uh uh uh uh uh uh  Ho oh oh oh  Uh uh uh uh uh uh    If you want me  Meet me in electric chapel  Oh, if you want me  Meet me in electric chapel  If you wanna steal my heart away  Meet me, meet me baby in a safe place  Come on meet me  In electric chapel  Oh oh",Born this Way,Lady Gaga y DJ White Shadow,4:12,2011,54617900,https://www.last.fm/music/Lady+Gaga/Born+This+Way
25,Government Hooker,"I can be good (If you just wanna be bad)  I can be cool (If you just wanna be mad)    I can be anything , I'll be your everything  Just touch me baby (I don't wanna be sad)    As long as I'm your hooker (Back up and turn around)  As long as I'm your hooker (Put your hands on the ground)  As long as I'm you're hooker (Back up and turn around)  As long as I'm your hooker (Get down)    Hooker (Yeah, you're my hooker)  Hooker (Government hooker)  Hooker (Yeah, you're my hooker)  Hooker (Government hooker)    I'm gonna drink my tears tonight  I'm gonna drink my tears and cry  'Cause I know you love me baby  I know you love me baby    I could be girl (Unless you want to be man)  I could be sex (Unless you want to hold hands)    I could be anything, I could be everything  I could be mom (Unless you want to be dad, oh papito)    As long as I'm your hooker (Back up and turn around)  As long as I'm your hooker (Put your hands on the ground)  As long as I'm you're hooker (Back up and turn around)  As long as I'm your hooker (Get down)    Hooker (Yeah, you're my hooker)  Hooker (Government hooker)  Hooker (Yeah, you're my hooker)  Hooker (Government hooker)    Put your hands on me  John F. Kennedy  I'll make you squeal baby  As long as you pay me (oh)    I'm gonna drink my tears tonight  I'm gonna drink my tears and cry  'Cause I know you love me baby  I know you love me baby    Hooker (Yeah, you're my hooker)  Hooker (Government hooker)  Hooker (Yeah, you're my hooker)  Hooker (Government hooker)    I could be girl (Unless you want to be man)  I could be sex (Unless you want to hold hands)    I could be anything, I could be everything  I could be mom (Unless you want to be dad)    I wanna fuck the government hooker (Back up and turn around)  Stop fucking me government hooker (Put your hands on the ground)  I wanna fuck the government hooker (Back up and turn around)  Stop fucking me government hooker (Get down) Yes",Born this Way,"Lady Gaga, Fernando Garibay y DJ White Shadow",4:14,2011,54617900,https://www.last.fm/music/Lady+Gaga/Born+This+Way
26,Gypsy,"Sometimes a story has no end  Sometimes I think that we could just be friends  'Cause I'm a wandering man, he said to me    And what about our future plans?  Does it seem we have even make sense?  When I got the whole world in front of me    So I said, ""I don't wanna be alone forever  But I can be tonight  I don't wanna be alone forever  But I love gypsy life  I don't wanna be alone forever  Maybe we can see the world together  I don't wanna be alone forever  But I can be tonight, tonight""    So I just packed my baggage and  Said goodbye to family and friends  And took the road to nowhere on my own    Like Dorothy on a yellow brick  Hope my ruby shoes get us there quick  'Cause I left everyone I love at home    And I don't wanna be alone forever  But I can be tonight  I don't wanna be alone forever  But I love gypsy life  I don't wanna be alone forever  Maybe we can see world together  I don't wanna be alone forever  But I can be tonight, tonight    'Cause I'm, I'm, I'm, I'm  A gypsy, a gypsy, a gypsy  I'm, I'm, I'm, I'm  A gypsy, a gypsy, a gypsy  I'm, I'm, I'm, I'm  A gypsy, a gypsy, a gypsy  I'm, I'm, I'm, I'm  A gypsy, a gypsy, a gypsy, I'm    And then he asked me,  Said, ""Baby, why do we love each other?""  I said, ""Honey, it's simple.  It's the way that you love and treat your mother""    Thought that I would be alone forever  But I won't be tonight  I'm a man without a home  But I think with you I can spend my life  And you'll be my little gypsy princess  Pack your bags and we can chase the sunset  Bust the rear view and fire up the jets  'Cause it's you and me  Baby, for life    Would you go with me?  (For life)  See the world with me    'Cause I'm, I'm, I'm, I'm  A gypsy, a gypsy, a gypsy  I'm, I'm, I'm, I'm  A gypsy, a gypsy, a gypsy I'm    Russia, UK, Paris, I'm  Italian, Asian, Kompai  Africa, India, I'm  A gypsy, a gypsy, a gypsy I'm  Latin American, I don't speak German but I try  Someday in Jakarta, I'm  American, I'm gypsy I  Bangkok, Australia, Malaysia  Sweden, Finland, Norway  Be my home just for the day  I'm a gypsy, gypsy, gypsy hey",Artpop,"Lady Gaga, DJ White Shadow, RedOne y Madeon",4:09,2013,30794636,https://www.last.fm/music/Lady+Gaga/ARTPOP
27,Hair,"Ooh, ooh, ooh, ooh, ooh, ooh, ooh, ooh, oh  Ooh, ooh, ooh, ooh, ooh, ooh, ooh, ooh, whoa    Whenever I'm dressed cool  My parents put up a fight  (Uh huh, uh huh)  And if I'm hot shot  Mom will cut my hair at night  (Uh huh, uh huh)    And in the morning  I'm short of my identity  (Uh huh, uh huh)  I scream Mom and Dad  Why can't I be who I wanna be?  (Uh huh, uh huh) to be    I just wanna be myself  And I want you to love me for who I am  I just wanna be myself  And I want you to know, I am my hair    [Chorus]  I've had enough, this is my prayer  That I'll die living just as free as my hair  I've had enough, this is my prayer  That I'll die living just as free as my hair  I've had enough, I'm not a freak  I'm just here trying to stay cool on the streets  I've had enough, enough, enough  And this is my prayer, I swear  I'm as free as my hair  I'm as free as my hair  I am my hair, I am my hair    Free as my hair, hair, hair  Hair, hair, ha-ha-ha-hair  Hair, hair, hair  Hair, hair, ha-ha-ha-hair    Free as my hair, hair, hair  Hair, hair, ha-ha-ha-hair  Hair, hair, hair  Hair, hair, ha-ha-ha-hair    Sometimes I waltz around  Put on red highlights  Just because I want my friends  To think I'm dynamite    And on Friday rocks in  High school dance  I got my bangs too hot  That I don't stand a chance, a chance    I just wanna be myself  And I want you to love me for who I am  I just wanna be myself  And I want you to know, I am my hair    [Chorus]    Free as my hair, hair, hair  Hair, hair, ha-ha-ha-hair  Hair, hair, hair  Hair, hair, ha-ha-ha-hair    Free as my hair, hair, hair  Hair, hair, ha-ha-ha-hair  Hair, hair, hair  Hair, hair, ha-ha-ha-hair    I just want to be free, I just want to be me  And I want lots of friends that invite me to their parties  Don't wanna change, and I don't wanna be ashamed  I'm the spirit of my hair, it's all the glory that I bare    I am my hair, I am my hair  I am my hair, I am my hair  I am my hair, I am my hair  I am my hair, I am my hair  It's all the glory that I bare    I am my hair, I am my hair  I am a hair, yeah  It's all the glory that I bare  I am my hair, I am my hair  I'm my hair, yeah, yeah  (All the glory that I bare)  I'm my hair, yeah, yeah  (All the glory that I bare)  I'm my hair, yeah, yeah  (All the glory that I bare)  My hair, yeah, yeah, yeah    [Chorus]    Ooh, my hair, my hair",Born this Way,Lady Gaga y RedOne,5:08,2011,54617900,https://www.last.fm/music/Lady+Gaga/Born+This+Way
28,Heavy Metal Lover,"(Heavy metal lover, heavy metal lover)    I want your whiskey mouth  All over my blond self  Red wine, cheap perfume  And a filthy pout    Tonight bring all your friends  Because a group does it better  Love is down with a dance  Let's have a full house of leather    [Repeat: x2]  Ooh, ooh, ooh, ooh, ooh  Ooh, ooh, ooh, ooh, ooh, ooh ooh  Heavy metal lover    Dirty pony, I  Can't wait to hose you down  You've got to earn your love  Down in this part of town    Dirty girls, in a patch  Follow the Remington Rebels  Let's raise hell in the streets  Drink beer and get into trouble    [Repeat: x2]  Ooh, ooh, ooh, ooh, ooh  Ooh, ooh, ooh, ooh, ooh, ooh ooh  Heavy metal lover    I could be your girl  Girl, girl, girl, girl, girl  But would you love me  If I ruled the world, world, world    Ooh, ooh, ooh, ooh, ooh  Ooh, ooh, ooh, ooh, ooh, ooh ooh  Heavy metal lover    Women slap it, go fuck  New York clappers, go drunk  Black like vicars, go slow  Move your pieces, you're junk    Porsche and drivers, same Jane  You're so hot, but not to taste  Happy lovers on display  Baby, we were born this way    [Repeat: x2]  Ooh, ooh, ooh, ooh, ooh  Ooh, ooh, ooh, ooh  Ooh, ooh, ooh, ooh, ooh, ooh    [Repeat: x2]  Ooh, ooh, ooh, ooh, ooh  Ooh, ooh, ooh, ooh, ooh, ooh ooh  Heavy metal lover    I could be your girl  Girl, girl, girl, girl, girl  But would you love me  If I ruled the world, world, world    Ooh, ooh, ooh, ooh, ooh  Ooh, ooh, ooh, ooh, ooh, ooh ooh  Heavy metal lover    (Heavy metal lover)",Born this Way,Lady Gaga y Fernando Garibay,4:12,2011,54617900,https://www.last.fm/music/Lady+Gaga/Born+This+Way
29,Joanne,"[Verse 1]  Take my hand, stay Joanne  Heaven's not  Ready for you  Every part  Of my aching heart  Needs you more  Than the angels do    [Chorus]  Girl  Where do you think you're goin'?  Where do you think you're goin'  Goin', girl?  Girl  Where do you think you're goin'?  Where do you think you're goin'  Goin', girl?  [Verse 2]  If you could  I know that you'd stay  We both know  Things don't work that way  I promised I  Wouldn't say goodbye  So I grin  And my voice gets thin    [Chorus]  Girl  Where do you think you're goin'?  Where do you think you're goin'  Goin', girl?  Girl  Where do you think you're goin'?  Where do you think you're goin'  Goin', girl?    [Bridge]  Honestly, I know where you're goin'  And baby, you're just movin' on  And I'll still love you even if I can't  See you anymore  Can't wait to see you soar    [Chorus]  Girl  Where do you think you're goin'?  Where do you think you're goin'  Goin', girl?  Girl  Where do you think you're goin'?  Where do you think you're goin'  Goin', girl?",Joanne,"Lady Gaga, Mark Ronson",3:17,2016,16651869,https://www.last.fm/music/Lady+Gaga/JOANNE+(Deluxe)
30,John Wayne,"[Intro: Spoken]  It's like, I just love a cowboy  You know  I'm just like, I just, I know, it's bad  But I'm just like  Can I just like, hang off the back of your horse  And can you go a little faster?!    [Verse 1]  3 am, mustang speedin'  Two lovers, headed for a dead end  Too fast, hold tight, he laughs  Runnin' through the red lights  Hollerin' over, rubber spinnin'  Big swig, toss another beer can  Too lit, tonight, prayin'  On the moonlight  [Pre-Chorus]  Every John is just the same  I'm sick of their city games  I crave a real wild man  I'm strung out on John Wayne    [Chorus]  (dat - doo - deet - doe)  (dat - doo - deet - doe, dat - doo - deet - doe)  Baby let's get high, John Wayne  (dat - doo - deet - doe)  (dat - doo - deet - doe, dat - doo - deet - doe)  Baby let's get high, John Wayne    [Verse 2]  Blue collar and a red-state treasure  Love junkie on a three-day bender  His grip, so hard, eyes glare  Trouble like a mug shot  Charged up, 'cause the man's on a mission  1-2 ya, the gears are shiftin'  He called, I cried, we broke  Racin' through the moonlight    [Pre-Chorus]  Every John is just the same  I'm sick of their city games  I crave a real wild man  I'm strung out on John Wayne    [Chorus]  (dat - doo - deet - doe)  (dat - doo - deet - doe, dat - doo - deet - doe)  Baby let's get high, John Wayne  (dat - doo - deet - doe)  (dat - doo - deet - doe, dat - doo - deet - doe)  Baby let's get high, John Wayne    [Bridge]  So here I go  To the eye  Of the storm  Just to feel your love  Knock me over  Here I go  Into our love storm    [Chorus]  (dat - doo - deet - doe)  (dat - doo - deet - doe, dat - doo - deet - doe)  Baby let's get high, John Wayne  (dat - doo - deet - doe)  (dat - doo - deet - doe, dat - doo - deet - doe)  Baby let's get high, John Wayne",Joanne,"Lady Gaga, Mark Ronson, BloodPop, Josh Homme",2:54,2016,16651869,https://www.last.fm/music/Lady+Gaga/JOANNE+(Deluxe)
31,Million Reasons,"[Verse 1]  You're giving me a million reasons to let you go  You're giving me a million reasons to quit the show  You're givin' me a million reasons  Give me a million reasons  Givin' me a million reasons  About a million reasons    If I had a highway, I would run for the hills  If you could find a dry way, I'd forever be still  But you're giving me a million reasons  Give me a million reasons  Givin' me a million reasons  About a million reasons  [Chorus]  I bow down to pray  I try to make the worst seem better  Lord, show me the way  To cut through all his worn out leather  I've got a hundred million reasons to walk away  But baby, I just need one good one to stay    [Verse 2]  Head stuck in a cycle, I look off and I stare  It's like that I've stopped breathing, but completely aware  'Cause you're giving me a million reasons  Give me a million reasons  Givin' me a million reasons  About a million reasons    And if you say something that you might even mean  It's hard to even fathom which parts I should believe  'Cause you're giving me a million reasons  Give me a million reasons  Givin' me a million reasons  About a million reasons    [Chorus]  I bow down to pray  I try to make the worst seem better  Lord, show me the way  To cut through all his worn out leather  I've got a hundred million reasons to walk away  But baby, I just need one good one to stay    [Bridge]  Hey, ehh, ehh, eyy  Baby I'm bleedin', bleedin'  Stay, ehh, ehhy  Can't you give me what I'm needin', needin'  Every heartbreak makes it hard to keep the faith  But baby, I just need one good one  Good one, good one, good one, good one, good one    [Chorus]  When I bow down to pray  I try to make the worst seem better  Lord, show me the way  To cut through all his worn out leather  I've got a hundred million reasons to walk away  But baby, I just need one good one, good one  Tell me that you'll be the good one, good one  Baby, I just need one good one to stay",Joanne,"Lady Gaga, Mark Ronson, Hillary Lindsey",3:25,2016,16651869,https://www.last.fm/music/Lady+Gaga/JOANNE+(Deluxe)
32,Money Honey,"That's M O N E Y, so sexy, I    Damn, I love the Jag, the jet and the mansion  Oh yeah  And I enjoy the gifts and trips to the islands  Oh yeah    It's good to live expensive you know it  But my knees get weak, intensive    When you give me k-kisses  That's money, honey  When I'm your lover and your mistress  That's money, honey    When you touch me it's so delicious  That's money, honey  Baby, when you tear me to pieces  That's money, honey    That's M O N E Y, so sexy, I  That's money, honey    Damn, I'd love a boat by the beach on the west coast  Oh yeah  And I'd enjoy some fine champagne while my girls toast  Oh yeah    It's good to live expensive you know it  But my knees get weak, intensive    When you give me k-kisses  That's money, honey  When I'm your lover and your mistress  That's money, honey    When you touch me it's so delicious  That's money, honey  Baby, when you tear me to pieces  That's money, honey    You know I appreciate the finer things  But it's not what makes me happiest, baby  (I can do without it, babe)  Your tender loving's more than I can handle  Never burn out this candle, baby, baby    K-k-kisses  That's money, honey  When I'm your lover and your mistress  That's money, honey    When you touch me it's so delicious  That's money, honey  Baby, when you tear me to pieces  That's money, honey    When you give me k-kisses  That's money, honey  When I'm your lover and your mistress  That's money, honey    When you touch me it's so delicious  That's money, honey  Baby, when you tear me to pieces  That's money, honey    When you give me k-kisses  That's money, honey  When I'm your lover and your mistress  That's money, honey    When you touch me it's so delicious  That's money, honey  Baby, when you tear me to pieces  That's money, honey    That's M O N E Y, so sexy, I",The Fame,"Lady Gaga, RedOne y Bilal Hajji",2:50,2008,109970686,https://www.last.fm/music/Lady+Gaga/The+Fame
33,Monster,"Don't call me GaGa  I've never seen one like that before  Don't look at me like that  You amaze me    He ate my heart, he a-a-ate my heart (You little monster)  He ate my heart, he a-a-ate my heart out (You amaze me)  He ate my heart, he a-a-ate my heart  He ate my heart, he a-a-ate my heart    Look at him, look at me  That boy is bad, and honestly  He's a wolf in disguise  But I can't stop staring in those evil eyes    I asked my girlfriend if she'd seen you round before  She mumbled something while we got down on the floor baby  We might've fucked not really sure, don't quite recall  But something tells me that I've seen him round before    He's a monster m-m-m-monster  That boy is a monster m-m-m-monster  That boy is a monster m-m-m-monster  That boy is a monster er-er-er-er    He ate my heart (I love that girl)  He ate my heart (I love that girl, she's hot as hell)  He ate my heart (I love that girl)  He ate my heart (wanna talk to her, she's hot as hell)    He licked his lips, said to me  Girl you look good enough to eat  Put his arms around me  Said ""Boy now get your paws right off me""    I asked my girlfriend if she'd seen you round before  She mumbled something while we got down on the floor baby  We might've fucked not really sure, don't quite recall, oh yeah  But something tells me that I've seen him, yeah    He's a monster m-m-m-monster  That boy is a monster m-m-m-monster  That boy is a monster m-m-m-monster  That boy is a monster er-er-er-er    He ate my heart (I love that girl)  He ate my heart (Wanna talk to her, she's hot as hell)  He ate my heart (I love that girl)  He ate my heart (Wanna talk to her, she's hot as hell)    He ate my heart he ate my heart instead he's a monster in my bed    He ate my heart he ate my heart instead he's a monster in my bed    I wanna just dance but he took me home instead  Uh oh! There was a monster in my bed  We french kissed on a subway train  He tore my clothes right off  He ate my heart and then he ate my brain  Uh oh uh oh (I love that girl) (Wanna talk to her, she's hot as hell)    He ate my heart he a-a-a-ate my heart  He ate my heart (Wanna talk to her, she's hot as hell)    That boy is a monster m-m-m-monster  That boy is a monster m-m-m-monster  That boy is a monster m-m-m-monster  That boy is a monster er-er-er-er    That boy is a monster m-m-m-monster  That boy is a monster m-m-m-monster  That boy is a monster m-m-m-monster  That boy is a monster er-er-er-er",The Fame Monster,"Lady Gaga, RedOne & Space Cowboy",4:09,2009,109970686,https://www.last.fm/music/Lady+Gaga/The+Fame+Monster
34,Paparazzi,We are the crowd  We're c-coming out  Got my flash on it's true  Need that picture of you  It's so magical  We'd be so fantastical    Leather and jeans  We're rock glamorous  Not sure what it means  But this photo of us  It don't have a price  Ready for those flashing lights  Cause you know that baby I    [Chorus]  I'm your biggest fan  I'll follow you until you love me  Papa-paparazzi  Baby there's no other superstar  You know that I'll be  Your papa-paparazzi  Promise I'll be kind  But I won't stop until that boy is mine  Baby you'll be famous  Chase you down until you love me  Papa-paparazzi    I'll be a girl backstage at your show  Velvet ropes and guitars  Yeah 'cause you're my  Rockstar in between the sets  Eyeliner and cigarettes    Shadow is burnt  Yellow dance and we turn  My lashes are dry  Purple teardrops I cry it don't have a price  Loving you is cherry pie  Cause you know that baby I    [Chorus]    Real good  (We're dancing in the studio)  Snap snap to  (That shit on the radio)  Don't stop  (For anyone)  We're plastic but we still have fun!    [Chorus],The Fame,Lady Gaga y Rob Fusari,3:28,2008,109970686,https://www.last.fm/music/Lady+Gaga/The+Fame
35,Paper Gangsta,"Midnight rush, with a pen in my hand  Dink in link in, sand-script with a fan  Remembering me, before it began  Sometimes I felt so def in a jam  But the ones who loved me, told me to stop  Like home girl can't catch shit if it drops  A superwoman chick, you know that I am  Some shit don't fly by me in a man    'Cause I do not accept any less  Than someone just as real, as fabulous    Don't want no paper gangsta  Won't sign away my life to  Someone whose got the flavor  But don't have no follow through  Don't want no paper gangsta  Wont sign no monkey papers  I don't do funny business  Not interested in fakers    Don't want no paper gangsta  Oh oh  Don't want no paper gangsta  Oh oh  Don't want no paper gangsta  Don't want no paper gangsta    Got something really shiny to start  Want me to sign there on your range rover heart?  I've heard it before  Yeah, the dinners were nice  Till your diamond words melted into some ice    You should been rapping to the beat of my song Mr. California,  Paper gangsta and I'm lookin' for love, not an  Not an empty page full of stuff that means nothing but  You've been played    'Cause I do not accept any less  Than someone just as real, as fabulous    Don't want no paper gangsta  Won't sign away my life to  Someone whose got the flavor  But don't have no follow through  Don't want no paper gangsta  Wont sign no monkey papers  I don't do funny business  Not interested in fakers    Don't want no paper gangsta  Oh oh  Don't want no paper gangsta  Oh oh  Don't want no paper gangsta  Don't want no paper gangsta    Don't want no paper gangsta  Won't sign away my life to  Someone whose got the flavor  But don't have no follow through  Don't want no paper gangsta  Wont sign no monkey papers  I don't do funny business  Not interested in fakers    Don't want no paper gangsta  Won't sign away my life to  Someone whose got the flavor  But don't have no follow through  Don't want no paper gangsta  Wont sign no monkey papers  I don't do funny business  Not interested in fakers    Don't want no paper gangsta  Oh oh  Don't want no paper gangsta  Oh oh  Don't want no paper gangsta  Don't want no paper gangsta  Don't want no paper gangsta  Don't want no paper gangsta",The Fame,Lady Gaga y RedOne,4:23,2008,109970686,https://www.last.fm/music/Lady+Gaga/The+Fame
36,Sinner's Prayer,"[Verse 1]  I came down the mountain  Draggin' our love affair  Put on a pretty little number  I'm wearing you still  It was a hell of a scene at daddy's feast  Nobody saw it coming, but the little red devil in me  He has a funny way saying forever too fast  Don't get mad, can't blame a tramp  For something he don't have  I get on my knees and beg you    [Chorus]  Hear my sinner's prayer  I am what I am  And I don't wanna break the heart of any other man  But you, but you  Hear my sinner's prayer  It's the only one I know  It sure as hell don't rhyme  But it's as good as, good as, good as, good as gold  [Verse 2]  Got a baby sister who looks just like me  She wants nothing more than a man to please  Maybe she's in too deep  Her love for him ain't cheap  But it breaks just like a knockoff piece  From Fulton Street  The man's got a gift for getting what he wants  He's thirsty when he drinks  Gets on the brink, and throws her off  I get on my knees and beg you    [Chorus]  Hear my sinner's prayer  I am what I am  And I don't wanna break the heart of any other man  But you, but you  Hear my sinner's prayer  It's the only one I know  It sure as hell don't rhyme  But it's as good as, good as, good as, good as gold  Good as, good as, good as, good as gold    [Bridge]  I can carry you, but not your ghosts  Wish I had the faith, but I don't know, oh    [Chorus]  Hear my sinner's prayer  I am what I am  And I don't wanna break the heart of any other man  But you, but you  Hear my sinner's prayer  It's the only one I know  It sure as hell don't rhyme  But it's as good as, good as, good as, good as gold  Good as, good as, good as, good as gold  Good as, good as, good as, good as gold",Joanne,"Lady Gaga, Beck, Mark Ronson, BloodPop",3:27,2016,16651869,https://www.last.fm/music/Lady+Gaga/JOANNE+(Deluxe)
37,So Happy I Could Die,"Eh-eh, eh-eh ye-ha, ye-ha  Eh-eh, eh-eh aha-aha  Eh-eh, eh-eh ye-ha, ye-ha  Eh-eh, eh-eh aha-aha    I love that lavender blond  The way she moves the way she walks  I touch myself can't get enough  And in the silence of the night  Through all the tears and all the lies  I touch myself and it's alright    Just give in don't give up baby  Open up your heart and your mind to me    Just know when that glass is empty  That the world is gonna bend    Happy in the club with a bottle of red wine  Stars in our eyes 'cause we're having a good time eh-eh eh-eh    So happy I could die be your best friend  Yeah I'll love you forever  Up in the clouds we'll be higher than ever eh-eh, eh-eh    So happy I could die and it's alright  Eh-eh, eh-eh ye-ha, ye-ha  Eh-eh, eh-eh aha-aha  Eh-eh, eh-eh ye-ha, ye-ha  Eh-eh, eh-eh aha-aha    I am as vain as I allow I do my hair  I gloss my eyes I touch myself all through the night  And when something falls out of place  I take my time I put it back  I touch myself 'til I'm on track    Just give in don't give up baby  Open up your heart and your mind to me    Just know when that glass is empty  That the world is gonna bend    Happy in the club with a bottle of red wine  Stars in our eyes 'cause we're having a good time    So happy I could die be your best friend  Yeah I'll love you forever  Up in the clouds we'll be higher than ever eh-eh, eh-eh    So happy I could die and it's alright  So happy I could die and it's alright  So happy I could die and it's alright    Eh-eh, eh-eh ye-ha, ye-ha  Eh-eh, eh-eh aha-aha  Eh-eh, eh-eh ye-ha, ye-ha  Eh-eh, eh-eh aha-aha    Happy in the club with a bottle of red wine  Stars in our eyes 'cause we're having a good time    So happy I could die be your best friend  Yeah I'll love you forever  Up in the clouds we'll be higher than ever eh-eh, eh-eh    So happy I could die and it's alright    Happy in the club with a bottle of red wine  Stars in our eyes 'cause we're having a good time    So happy I could die be your best friend  Yeah I'll love you forever  Up in the clouds we'll be higher than ever eh-eh, eh-eh    So happy I could die and it's alright",The Fame Monster,"Lady Gaga, RedOne & Space Cowboy",3:55,2009,109970686,https://www.last.fm/music/Lady+Gaga/The+Fame+Monster
38,Speechless,"How, how, how, how, how    I can't believe what you said to me  Last night when we were alone  You threw your arms up  Baby you gave up, you gave up    I can't believe how you looked at me  With your James Dean glossy eyes  In your tight jeans with your long hair  And your cigarette stained lies    Could we fix you if you broke?  And is your punch line just a joke?    I'll never talk again  Oh boy you've left me speechless  You've left me speechless, so speechless  And I'll never love again  Oh boy you've left me speechless  You've left me speechless, so speechless    I can't believe how you slurred at me  With your half wired broken jaw  You popped my heart seams  All my bubble dreams, bubble dreams    I can't believe how you looked at me  With your Johnnie Walker eyes  He's gonna get you and after he's through  There's gonna be no love left to rye    And I know that it's complicated  But I'm a loser in love  So baby raise a glass to mend  All the broken hearts  Of all my wrecked up friends    I'll never talk again  Oh boy you've left me speechless  You've left me speechless, so speechless    I'll never love again  Oh friend you've left me speechless  You've left me speechless, so speechless    How? Ha-ooh-wow? H-ow? Wow  Ha-ooh-wow? H-ow? Wow    And after all the drinks and bars that we've been to  Would you give it all up?  Could I give it all up for you?    And after all the boys and the girls that we've been through  Would you give it all up?  Could you give it all up?    If I promised boy to you  That I'll never talk again  And I'll never love again  I'll never write a song  Won't even sing along  I'll never love again    How, how, how so speechless  You left me speechless, so speechless baby    Will you ever talk again?  Oh boy, why you so speechless?  You've left me speechless, so speechless    Some men may follow me  But you choose ""death and company""  Why you so speechless? Oh oh oh",The Fame Monster,Lady Gaga,4:31,2009,109970686,https://www.last.fm/music/Lady+Gaga/The+Fame+Monster
39,Teeth,"Don't be scared  I've done this before  Show me your teeth  Show me your teeth  Show me your teeth    Don't want no money (want your money)  That shit's is ugly  Just want your sex (want your sex)  Take a bite of my bad girl meat (bad girl meat)  Take a bite my me  Show me your teeth (let me see your mean)    Got no direction (no direction)  I need direction  Just got my vamp (got my vamp)    Take a bite of my bad girl meat (bad girl meat)  Take a bite of me boy  Show me your teeth (the truth is sexy)    Tell me something that'll save me  I need a man who makes me alright (man who makes me alright)  Tell me something that'll change me  I'm gonna love you with my hands tied    Show me your teeth (just tell me when)  Show me your teeth (open your mouth boy)  Show me your teeth (show me whatcha got)  Show me your teeth, teeth, teeth, teeth    Got no salvation (no salvation)  Got no salvation  Got no religion (no religion)  My religion is you  Take a bite of my bad girl meat (bad girl meat)  (Take a bite of me boy) show me your teeth  I'm a tough bitch    Got my addictions (my addictions)  And I love to fix 'em (and I love to fix 'em)  No one's perfect  Take a bite of my bad girl meat (bad girl meat)  (Take a bite of me boy) show me your teeth  I just need a little guidance    Tell me something that'll save me  I need a man who makes me alright (man who makes me alright)  Just tell me when it's alright  Tell me something that'll change me  I'm gonna love you with my hands tied    Show me your teeth (just tell me when)  Show me your teeth (open your mouth boy)  Show me your teeth (show me whatcha got)  Show me your teeth, teeth, teeth, teeth  Show me your teeth    How (my religion is you)  How (my religion is you)    Help need a man  Now show me your fangs (my religion is you)  Help need a man  Now show me your fangs (my religion is you)  Help need a man  Now show me your fangs (my religion is you)  Help need a man  Now show me your fangs  Help need a man  Now show me your fangs  Help need a man  Now show me your fangs  Help need a man  Now show me your fangs  Help need a man  Now show me your fangs    Tell me something that'll save me  I need a man who makes me alright (man who makes me alright)  Just tell me it's alright  Tell me something that'll change me  I'm gonna love you with my hands tied    Show me your teeth (just tell me when)  Show me your teeth (open your mouth boy)  Show me your teeth (show me whatcha got)  Show me your teeth teeth, teeth, teeth  Show me your teeth  It's not how big, it's how mean  How, how    It's not how big, it's how mean  Show me your teeth, show me your teeth  Show me your teeth, show me your teeth  Show me your teeth, open your mouth boy  Show me your teeth, show me your teeth  My religion is you  Show me your teeth, teeth, teeth, teeth  Show me your teeth, show me your teeth  I just need a little guidance  Show me your teeth, show me your teeth  Show me your teeth, show me your teeth  Show me your teeth, teeth, teeth, teeth",The Fame Monster,Lady Gaga,-,2009,109970686,https://www.last.fm/music/Lady+Gaga/The+Fame+Monster
40,Telephone,"Hello, hello, baby  You called, I can't hear a thing  I have got no service  In the club, you see, see  Wha-wha-what did you say?  Oh, you're breaking up on me  Sorry, I cannot hear you  I'm kinda busy    K-kinda busy  K-kinda busy  Sorry, I cannot hear you  I'm kinda busy    Just a second  It's my favorite song they're gonna play  And I cannot text you with  A drink in my hand, eh  You shoulda made some plans with me  You knew that I was free  And now you won't stop calling me  I'm kinda busy    Stop callin', stop callin'  I don't wanna think any more  I left my head and heart on the dance floor  Stop callin', stop callin'  I don't wanna talk anymore  It's got my head and my heart on the dance floor    Eh, eh, eh, eh, eh, eh, eh, eh, eh, eh  Stop telephonin' me  Eh, eh, eh, eh, eh, eh, eh, eh, eh  I'm busy, eh, eh, eh, eh, eh, eh, eh, eh  Stop telephonin' me  Eh, eh, eh, eh, eh, eh, eh    Call all you want, but there's no one home  And you're not gonna reach my telephone  Out in the club, and I'm sippin' that bub  And you're not gonna reach my telephone    Call all you want  But there's no one home  And you're not gonna reach my telephone  Out in the club, and I'm sippin' that bub  And you're not gonna reach my telephone    Boy, the way you blowin' up my phone  Won't make me leave no faster  Put my coat on faster  Leave my girls no faster  I shoulda left my phone at home  'Cause this is a disaster  Callin' like a collector  Sorry, I cannot answer    Not that I don't like you  I'm just at a party  And I am sick and tired  Of my phone ringin'  Sometimes I feel like  I live in Grand Central Station  Tonight I'm not takin' no calls  'Cause I'll be dancin'    'Cause I'll be dancin'  'Cause I'll be dancin'  Tonight I'm not takin' no calls  'Cause I'll be dancin'    Stop callin', stop callin'  I don't wanna think any more  I left my head and my heart on the dance floor  Stop callin', stop callin'  I don't wanna talk any more  I left my head and my heart on the dance floor    Stop callin', stop callin'  I don't wanna think any more  I left my head and my heart on the dance floor  Stop callin', stop callin'  I don't wanna talk any more  I left my head and my heart on the dance floor    Eh, eh, eh, eh, eh, eh, eh, eh, eh, eh  Stop telephonin' me  Eh, eh, eh, eh, eh, eh, eh, eh, eh  I'm busy, eh, eh, eh, eh, eh, eh, eh  Stop telephonin' me  Eh, eh, eh, eh, eh, eh, eh    Can call all you want  But there's no one home  You're not gonna reach my telephone  'Cause I'm out in the club  And I'm sippin' that bub,  And you're not gonna reach my telephone    Call when you want  But there's no one home  And you're not gonna reach my telephone  'Cause I'm out in the club  And I'm sippin' that bub  And you're not gonna reach my telephone    My telephone  M-m-my telephone  'Cause I'm out in the club  And I'm sippin' that bub  And you're not gonna reach my telephone    My telephone  M-m-my telephone  'Cause I'm out in the club  And I'm sippin' that bub,  And you're not gonna reach my telephone    We're sorry the number you have reached is not in service at this time  Please check the number, or try your call again",The Fame Monster,"Lady Gaga, Lazonate Franklin, Lashawn Daniels, Darkchild & Beyoncé",3:41,2009,109970686,https://www.last.fm/music/Lady+Gaga/The+Fame+Monster
