,Name,Platform,Year_of_Release,Genre,Developer(s),Award,Global_Sales
0,GoldenEye 007,Nintendo 64,1998,First-person shooter,Rare,British Academy Games Awards (formerly BAFTA Interactive Entertainment Awards),8.09
1,The Legend of Zelda: Ocarina of Time,Nintendo 64,1999,Action-adventure,Nintendo EAD,British Academy Games Awards (formerly BAFTA Interactive Entertainment Awards),11.93
2,Console: MediEvil 2,PlayStation,2000,Action-adventure,SCE Cambridge Studio,British Academy Games Awards (formerly BAFTA Interactive Entertainment Awards),
3,Handheld: Pokémon Yellow,Game Boy,2000,Role-playing,Game Freak,British Academy Games Awards (formerly BAFTA Interactive Entertainment Awards),
4,PC: Deus Ex,"Microsoft Windows, Mac OS",2000,Action role-playing,Ion Storm,British Academy Games Awards (formerly BAFTA Interactive Entertainment Awards),
5,Console: Gran Turismo 3: A-Spec,PlayStation 2,2001,Racing,Polyphony Digital,British Academy Games Awards (formerly BAFTA Interactive Entertainment Awards),
6,Handheld: Tony Hawk's Pro Skater 2,Game Boy Advance,2001,Sports,Vicarious Visions,British Academy Games Awards (formerly BAFTA Interactive Entertainment Awards),
7,PC: Max Payne,Microsoft Windows,2001,Third-person shooter,Remedy Entertainment,British Academy Games Awards (formerly BAFTA Interactive Entertainment Awards),
8,Console: Halo: Combat Evolved,Xbox,2002,First-person shooter,Bungie,British Academy Games Awards (formerly BAFTA Interactive Entertainment Awards),
9,Handheld: SMS Chess,,2002,Purple Software,,British Academy Games Awards (formerly BAFTA Interactive Entertainment Awards),
10,PC: Neverwinter Nights,Microsoft Windows,2002,Role-playing,BioWare,British Academy Games Awards (formerly BAFTA Interactive Entertainment Awards),
11,Call of Duty,Microsoft Windows,2003,First-person shooter,Infinity Ward,British Academy Games Awards (formerly BAFTA Interactive Entertainment Awards),
12,Half-Life 2,Microsoft Windows,2004,First-person shooter,Valve,British Academy Games Awards (formerly BAFTA Interactive Entertainment Awards),2.98
13,Tom Clancy's Ghost Recon Advanced Warfighter,"Microsoft Windows, PlayStation 2, Xbox, Xbox 360",2006,Tactical shooter,Ubisoft Paris,British Academy Games Awards (formerly BAFTA Interactive Entertainment Awards),1.87
14,BioShock,"Microsoft Windows, Xbox 360",2007,First-person shooter,Irrational Games,British Academy Games Awards (formerly BAFTA Interactive Entertainment Awards),4.66
15,Super Mario Galaxy,Wii,2008,Platformer,Nintendo EAD,British Academy Games Awards (formerly BAFTA Interactive Entertainment Awards),11.35
16,Batman: Arkham Asylum,"Microsoft Windows, PlayStation 3, Xbox 360",2009,Action-adventure,Rocksteady Studios,British Academy Games Awards (formerly BAFTA Interactive Entertainment Awards),8.030000000000001
17,Mass Effect 2,"Microsoft Windows, Xbox 360, PlayStation 3",2010,Action role-playing,BioWare,British Academy Games Awards (formerly BAFTA Interactive Entertainment Awards),4.9399999999999995
18,Portal 2,"Microsoft Windows, OS X, PlayStation 3, Xbox 360",2011,Puzzle-platformer,Valve,British Academy Games Awards (formerly BAFTA Interactive Entertainment Awards),4.54
19,Dishonored,"Microsoft Windows, PlayStation 3, Xbox 360",2012,Action-adventure,Arkane Studios,British Academy Games Awards (formerly BAFTA Interactive Entertainment Awards),4.29
20,The Last of Us,PlayStation 3,2013,Action-adventure,Naughty Dog,British Academy Games Awards (formerly BAFTA Interactive Entertainment Awards),10.58
21,Destiny,"PlayStation 3, PlayStation 4, Xbox 360, Xbox One",2014,Action role-playing,Bungie,British Academy Games Awards (formerly BAFTA Interactive Entertainment Awards),12.55
22,Fallout 4,"Microsoft Windows, PlayStation 4, Xbox One",2015,Action role-playing,Bethesda Game Studios,British Academy Games Awards (formerly BAFTA Interactive Entertainment Awards),12.669999999999998
23,Uncharted 4: A Thief's End,PlayStation 4,2016,Action-adventure,Naughty Dog,British Academy Games Awards (formerly BAFTA Interactive Entertainment Awards),5.38
24,What Remains of Edith Finch,"Microsoft Windows, PlayStation 4, Xbox One",2017,Adventure,Giant Sparrow,British Academy Games Awards (formerly BAFTA Interactive Entertainment Awards),0.0
25,God of War,PlayStation 4,2018,Action-adventure,SIE Santa Monica Studio,British Academy Games Awards (formerly BAFTA Interactive Entertainment Awards),35.99
26,Outer Wilds,"Microsoft Windows, PlayStation 4, Xbox One",2019,Action-adventure,Mobius Digital,British Academy Games Awards (formerly BAFTA Interactive Entertainment Awards),0.0
27,GoldenEye 007,Nintendo 64,1998,First-person shooter,Rare,British Academy Games Awards (formerly BAFTA Interactive Entertainment Awards),8.09
28,The Legend of Zelda: Ocarina of Time,Nintendo 64,1999,Action-adventure,Nintendo EAD,British Academy Games Awards (formerly BAFTA Interactive Entertainment Awards),11.93
29,Console: MediEvil 2,PlayStation,2000,Action-adventure,SCE Cambridge Studio,British Academy Games Awards (formerly BAFTA Interactive Entertainment Awards),
30,Handheld: Pokémon Yellow,Game Boy,2000,Role-playing,Game Freak,British Academy Games Awards (formerly BAFTA Interactive Entertainment Awards),
31,PC: Deus Ex,"Microsoft Windows, Mac OS",2000,Action role-playing,Ion Storm,British Academy Games Awards (formerly BAFTA Interactive Entertainment Awards),
32,Console: Gran Turismo 3: A-Spec,PlayStation 2,2001,Racing,Polyphony Digital,British Academy Games Awards (formerly BAFTA Interactive Entertainment Awards),
33,Handheld: Tony Hawk's Pro Skater 2,Game Boy Advance,2001,Sports,Vicarious Visions,British Academy Games Awards (formerly BAFTA Interactive Entertainment Awards),
34,PC: Max Payne,Microsoft Windows,2001,Third-person shooter,Remedy Entertainment,British Academy Games Awards (formerly BAFTA Interactive Entertainment Awards),
35,Console: Halo: Combat Evolved,Xbox,2002,First-person shooter,Bungie,British Academy Games Awards (formerly BAFTA Interactive Entertainment Awards),
36,Handheld: SMS Chess,,2002,Purple Software,,British Academy Games Awards (formerly BAFTA Interactive Entertainment Awards),
37,PC: Neverwinter Nights,Microsoft Windows,2002,Role-playing,BioWare,British Academy Games Awards (formerly BAFTA Interactive Entertainment Awards),
38,Call of Duty,Microsoft Windows,2003,First-person shooter,Infinity Ward,British Academy Games Awards (formerly BAFTA Interactive Entertainment Awards),
39,Half-Life 2,Microsoft Windows,2004,First-person shooter,Valve,British Academy Games Awards (formerly BAFTA Interactive Entertainment Awards),2.98
40,Tom Clancy's Ghost Recon Advanced Warfighter,"Microsoft Windows, PlayStation 2, Xbox, Xbox 360",2006,Tactical shooter,Ubisoft Paris,British Academy Games Awards (formerly BAFTA Interactive Entertainment Awards),1.87
41,BioShock,"Microsoft Windows, Xbox 360",2007,First-person shooter,Irrational Games,British Academy Games Awards (formerly BAFTA Interactive Entertainment Awards),4.66
42,Super Mario Galaxy,Wii,2008,Platformer,Nintendo EAD,British Academy Games Awards (formerly BAFTA Interactive Entertainment Awards),11.35
43,Batman: Arkham Asylum,"Microsoft Windows, PlayStation 3, Xbox 360",2009,Action-adventure,Rocksteady Studios,British Academy Games Awards (formerly BAFTA Interactive Entertainment Awards),8.030000000000001
44,Mass Effect 2,"Microsoft Windows, Xbox 360, PlayStation 3",2010,Action role-playing,BioWare,British Academy Games Awards (formerly BAFTA Interactive Entertainment Awards),4.9399999999999995
45,Portal 2,"Microsoft Windows, OS X, PlayStation 3, Xbox 360",2011,Puzzle-platformer,Valve,British Academy Games Awards (formerly BAFTA Interactive Entertainment Awards),4.54
46,Dishonored,"Microsoft Windows, PlayStation 3, Xbox 360",2012,Action-adventure,Arkane Studios,British Academy Games Awards (formerly BAFTA Interactive Entertainment Awards),4.29
47,The Last of Us,PlayStation 3,2013,Action-adventure,Naughty Dog,British Academy Games Awards (formerly BAFTA Interactive Entertainment Awards),10.58
48,Destiny,"PlayStation 3, PlayStation 4, Xbox 360, Xbox One",2014,Action role-playing,Bungie,British Academy Games Awards (formerly BAFTA Interactive Entertainment Awards),12.55
49,Fallout 4,"Microsoft Windows, PlayStation 4, Xbox One",2015,Action role-playing,Bethesda Game Studios,British Academy Games Awards (formerly BAFTA Interactive Entertainment Awards),12.669999999999998
50,Uncharted 4: A Thief's End,PlayStation 4,2016,Action-adventure,Naughty Dog,British Academy Games Awards (formerly BAFTA Interactive Entertainment Awards),5.38
51,What Remains of Edith Finch,"Microsoft Windows, PlayStation 4, Xbox One",2017,Adventure,Giant Sparrow,British Academy Games Awards (formerly BAFTA Interactive Entertainment Awards),0.0
52,God of War,PlayStation 4,2018,Action-adventure,SIE Santa Monica Studio,British Academy Games Awards (formerly BAFTA Interactive Entertainment Awards),35.99
53,Outer Wilds,"Microsoft Windows, PlayStation 4, Xbox One",2019,Action-adventure,Mobius Digital,British Academy Games Awards (formerly BAFTA Interactive Entertainment Awards),0.0
54,GoldenEye 007,Nintendo 64,1997,First-person shooter,Rare,D.I.C.E. Awards,8.09
55,The Legend of Zelda: Ocarina of Time,Nintendo 64,1998,Action-adventure,Nintendo EAD,D.I.C.E. Awards,11.93
56,The Sims,"Microsoft Windows, Mac OS",1999,Life simulation,Maxis,D.I.C.E. Awards,3.7299999999999995
57,Diablo II,"Microsoft Windows, Mac OS",2000,Action role-playing,Blizzard North,D.I.C.E. Awards,0.13
58,Halo: Combat Evolved,Xbox,2001,First-person shooter,Bungie,D.I.C.E. Awards,6.47
59,Battlefield 1942,Microsoft Windows,2002,First-person shooter,Digital Illusions CE,D.I.C.E. Awards,0.03
60,Call of Duty,Microsoft Windows,2003,First-person shooter,Infinity Ward,D.I.C.E. Awards,
61,Half-Life 2,Microsoft Windows,2004,First-person shooter,Valve,D.I.C.E. Awards,2.98
62,God of War,PlayStation 2,2005,Action-adventure,SCE Santa Monica Studio,D.I.C.E. Awards,35.99
63,Gears of War,Xbox 360,2006,Third-person shooter,Epic Games,D.I.C.E. Awards,6.109999999999999
64,Call of Duty 4: Modern Warfare,"Microsoft Windows, PlayStation 3, Xbox 360",2007,First-person shooter,Infinity Ward,D.I.C.E. Awards,18.19
65,LittleBigPlanet,PlayStation 3,2008,Puzzle-platformer,Media Molecule,D.I.C.E. Awards,8.36
66,Uncharted 2: Among Thieves,PlayStation 3,2009,Action-adventure,Naughty Dog,D.I.C.E. Awards,6.66
67,Mass Effect 2,"Microsoft Windows, PlayStation 3, Xbox 360",2010,Action role-playing,BioWare,D.I.C.E. Awards,4.9399999999999995
68,The Elder Scrolls V: Skyrim,"Microsoft Windows, PlayStation 3, Xbox 360",2011,Action role-playing,Bethesda Game Studios,D.I.C.E. Awards,21.149999999999995
69,Journey,PlayStation 3,2012,Adventure,Thatgamecompany,D.I.C.E. Awards,0.21
70,The Last of Us,PlayStation 3,2013,Action-adventure,Naughty Dog,D.I.C.E. Awards,10.58
71,Dragon Age: Inquisition,"Microsoft Windows, PlayStation 3, PlayStation 4, Xbox 360, Xbox One",2014,Action role-playing,BioWare,D.I.C.E. Awards,4.8
72,Fallout 4,"Microsoft Windows, PlayStation 4, Xbox One",2015,Action role-playing,Bethesda Game Studios,D.I.C.E. Awards,12.669999999999998
73,Overwatch,"Microsoft Windows, PlayStation 4, Xbox One",2016,First-person shooter,Blizzard Entertainment,D.I.C.E. Awards,3.7300000000000004
74,The Legend of Zelda: Breath of the Wild,"Nintendo Switch, Wii U",2017,Action-adventure,Nintendo EPD,D.I.C.E. Awards,10.8
75,God of War,PlayStation 4,2018,Action-adventure,SIE Santa Monica Studio,D.I.C.E. Awards,35.99
76,Untitled Goose Game,"Microsoft Windows, Nintendo Switch, PlayStation 4, Xbox One",2019,Puzzle–stealth,House House,D.I.C.E. Awards,0.0
77,Madden NFL 2004,"GameCube, Microsoft Windows, PlayStation, PlayStation 2, Xbox",2003,Sports,EA Tiburon,The Game Awards (formerly Spike Video Game Awards),7.14
78,Grand Theft Auto: San Andreas,PlayStation 2,2004,Action-adventure,Rockstar North[63],The Game Awards (formerly Spike Video Game Awards),23.839999999999996
79,Resident Evil 4,"GameCube, PlayStation 2",2005,Survival horror,Capcom,The Game Awards (formerly Spike Video Game Awards),7.56
80,The Elder Scrolls IV: Oblivion,"Microsoft Windows, Xbox 360",2006,Action role-playing,Bethesda Game Studios,The Game Awards (formerly Spike Video Game Awards),7.73
81,BioShock,"Microsoft Windows, Xbox 360",2007,First-person shooter,Irrational Games,The Game Awards (formerly Spike Video Game Awards),4.66
82,Grand Theft Auto IV,"Microsoft Windows, PlayStation 3, Xbox 360",2008,Action-adventure,Rockstar North,The Game Awards (formerly Spike Video Game Awards),22.389999999999997
83,Uncharted 2: Among Thieves,PlayStation 3,2009,Action-adventure,Naughty Dog,The Game Awards (formerly Spike Video Game Awards),6.66
84,Red Dead Redemption,"PlayStation 3, Xbox 360",2010,Action-adventure,Rockstar San Diego,The Game Awards (formerly Spike Video Game Awards),12.81
85,The Elder Scrolls V: Skyrim,"Microsoft Windows, PlayStation 3, Xbox 360",2011,Action role-playing,Bethesda Game Studios,The Game Awards (formerly Spike Video Game Awards),21.149999999999995
86,The Walking Dead,"iOS, Microsoft Windows, OS X, PlayStation 3, Xbox 360",2012,Graphic adventure,Telltale Games,The Game Awards (formerly Spike Video Game Awards),
87,Grand Theft Auto V,"PlayStation 3, Xbox 360",2013,Action-adventure,Rockstar North,The Game Awards (formerly Spike Video Game Awards),56.57000000000001
88,Dragon Age: Inquisition,"Microsoft Windows, PlayStation 3, PlayStation 4, Xbox 360, Xbox One",2014,Action role-playing,BioWare,The Game Awards (formerly Spike Video Game Awards),4.8
89,The Witcher 3: Wild Hunt,"Microsoft Windows, PlayStation 4, Xbox One",2015,Action role-playing,CD Projekt Red,The Game Awards (formerly Spike Video Game Awards),6.0
90,Overwatch,"Microsoft Windows, PlayStation 4, Xbox One",2016,First-person shooter,Blizzard Entertainment,The Game Awards (formerly Spike Video Game Awards),3.7300000000000004
91,The Legend of Zelda: Breath of the Wild,"Nintendo Switch, Wii U",2017,Action-adventure,Nintendo EPD,The Game Awards (formerly Spike Video Game Awards),10.8
92,God of War,PlayStation 4,2018,Action-adventure,SIE Santa Monica Studio,The Game Awards (formerly Spike Video Game Awards),35.99
93,Sekiro: Shadows Die Twice,"Microsoft Windows, PlayStation 4, Xbox One",2019,Action-adventure,FromSoftware,The Game Awards (formerly Spike Video Game Awards),0.0
94,The Sims,"Mac OS, Microsoft Windows",2000,Life simulation,Maxis,Game Developers Choice Awards,3.7299999999999995
95,Grand Theft Auto III,PlayStation 2,2001,Action-adventure,DMA Design,Game Developers Choice Awards,13.11
96,Metroid Prime,GameCube,2002,Action-adventure,Retro Studios,Game Developers Choice Awards,2.82
97,Star Wars: Knights of the Old Republic,"Microsoft Windows, Xbox",2003,Role-playing,BioWare,Game Developers Choice Awards,2.33
98,Half-Life 2,Microsoft Windows,2004,First-person shooter,Valve,Game Developers Choice Awards,2.98
99,Shadow of the Colossus,PlayStation 2,2005,Action-adventure,Team Ico,Game Developers Choice Awards,1.18
100,Gears of War,Xbox 360,2006,Third-person shooter,Epic Games,Game Developers Choice Awards,6.109999999999999
101,Portal,"Microsoft Windows, PlayStation 3, Xbox 360",2007,Puzzle-platformer,Valve,Game Developers Choice Awards,
102,Fallout 3,"Microsoft Windows, PlayStation 3, Xbox 360",2008,Action role-playing,Bethesda Game Studios,Game Developers Choice Awards,9.85
103,Uncharted 2: Among Thieves,PlayStation 3,2009,Action-adventure,Naughty Dog,Game Developers Choice Awards,6.66
104,Red Dead Redemption,"PlayStation 3, Xbox 360",2010,Action-adventure,Rockstar San Diego,Game Developers Choice Awards,12.81
105,The Elder Scrolls V: Skyrim,"Microsoft Windows, PlayStation 3, Xbox 360",2011,Action role-playing,Bethesda Game Studios,Game Developers Choice Awards,21.149999999999995
106,Journey,PlayStation 3,2012,Adventure,Thatgamecompany,Game Developers Choice Awards,0.21
107,The Last of Us,PlayStation 3,2013,Action-adventure,Naughty Dog,Game Developers Choice Awards,10.58
108,Middle-earth: Shadow of Mordor,"Microsoft Windows, PlayStation 3, PlayStation 4, Xbox 360, Xbox One",2014,Action-adventure,Monolith Productions,Game Developers Choice Awards,
109,The Witcher 3: Wild Hunt,"Microsoft Windows, PlayStation 4, Xbox One",2015,Action role-playing,CD Projekt Red,Game Developers Choice Awards,6.0
110,Overwatch,"Microsoft Windows, PlayStation 4, Xbox One",2016,First-person shooter,Blizzard Entertainment,Game Developers Choice Awards,3.7300000000000004
111,The Legend of Zelda: Breath of the Wild,"Nintendo Switch, Wii U",2017,Action-adventure,Nintendo EPD,Game Developers Choice Awards,10.8
112,God of War,PlayStation 4,2018,Action-adventure,SIE Santa Monica Studio,Game Developers Choice Awards,35.99
113,Jetpac,"Commodore VIC-20, ZX Spectrum",1983,Shooter,Ultimate,Golden Joystick Awards,
114,Knight Lore,ZX Spectrum,1984,Action-adventure,Ultimate,Golden Joystick Awards,
115,Way of the Exploding Fist,Commodore 64,1985,Fighting,Beam Software,Golden Joystick Awards,
116,Gauntlet,Arcade,1986,Hack & Slash,Atari Games,Golden Joystick Awards,0.5
117,1987/88,Racing,1986,Out Run[85],"Arcade, Sega Master System",Golden Joystick Awards,
118,1988/89,Shooting gallery,1986,8-Bit: Operation Wolf[87],"Arcade, NES",Golden Joystick Awards,
119,16-Bit: Speedball,"Amiga, Atari ST, Commodore 64, Sega Master System",1986,Sports,Bitmap Brothers,Golden Joystick Awards,
120,1989/90,Shooter,1986,8-Bit: The Untouchables[88],"Amiga, Amstrad CPC, Commodore 64, ZX Spectrum",Golden Joystick Awards,
121,16-Bit: Kick Off,"Amiga, Amstrad CPC, Atari ST, ZX Spectrum",1986,Sports,Dino Dini,Golden Joystick Awards,
122,1990/91,Platformer,1986,8-Bit: Rick Dangerous 2[88],"Amiga, Amstrad CPC, Atari ST, ZX Spectrum",Golden Joystick Awards,
123,16-Bit: Kick Off 2,"Amiga, Amstrad CPC, Atari ST, ZX Spectrum",1986,Sports,Dino Dini,Golden Joystick Awards,
124,1991/92,Platformer,1986,Sonic the Hedgehog[89],"Sega Master System, Sega Game Gear",Golden Joystick Awards,
125,1992/93,Fighting,1986,Street Fighter II[85],"Amiga, Arcade, Atari ST, Commodore 64, Sega Genesis, SNES",Golden Joystick Awards,
126,1996/97,Platformer,1986,Super Mario 64[90],Nintendo 64,Golden Joystick Awards,
127,Grand Theft Auto III,PlayStation 2,2002,Action-adventure,DMA Design,Golden Joystick Awards,13.11
128,Grand Theft Auto: Vice City,PlayStation 2,2003,Action-adventure,Rockstar North,Golden Joystick Awards,16.189999999999998
129,Doom 3,"Linux, Microsoft Windows",2004,First-person shooter,id Software,Golden Joystick Awards,1.4400000000000002
130,Grand Theft Auto: San Andreas,PlayStation 2,2005,Action-adventure,Rockstar North,Golden Joystick Awards,23.839999999999996
131,The Elder Scrolls IV: Oblivion,"Microsoft Windows, Xbox 360",2006,Action role-playing,Bethesda Game Studios,Golden Joystick Awards,7.73
132,Gears of War,Xbox 360,2007,Third-person shooter,Epic Games,Golden Joystick Awards,6.109999999999999
133,Call of Duty 4: Modern Warfare,"Microsoft Windows, PlayStation 3, Xbox 360",2008,First-person shooter,Infinity Ward,Golden Joystick Awards,18.19
134,Fallout 3,"Microsoft Windows, PlayStation 3, Xbox 360",2009,Action role-playing,Bethesda Game Studios,Golden Joystick Awards,9.85
135,Mass Effect 2,"Microsoft Windows, PlayStation 3, Xbox 360",2010,Action role-playing,BioWare,Golden Joystick Awards,4.9399999999999995
136,Portal 2,"Microsoft Windows, OS X, PlayStation 3, Xbox 360",2011,Puzzle-platformer,Valve,Golden Joystick Awards,4.54
137,The Elder Scrolls V: Skyrim,"Microsoft Windows, PlayStation 3, Xbox 360",2012,Action role-playing,Bethesda Game Studios,Golden Joystick Awards,21.149999999999995
138,Grand Theft Auto V,"PlayStation 3, Xbox 360",2013,Action-adventure,Rockstar North,Golden Joystick Awards,56.57000000000001
139,Dark Souls II,"Microsoft Windows, PlayStation 3, Xbox 360",2014,Action role-playing,FromSoftware,Golden Joystick Awards,3.01
140,The Witcher 3: Wild Hunt,"Microsoft Windows, PlayStation 4, Xbox One",2015,Action role-playing,CD Projekt Red,Golden Joystick Awards,6.0
141,Dark Souls III,"Microsoft Windows, PlayStation 4, Xbox One",2016,Action role-playing,FromSoftware,Golden Joystick Awards,2.11
142,The Legend of Zelda: Breath of the Wild,"Nintendo Switch, Wii U",2017,Action-adventure,Nintendo EPD,Golden Joystick Awards,10.8
143,Fortnite Battle Royale,"Microsoft Windows, macOS, PlayStation 4, Xbox One, Nintendo Switch, iOS, Android",2018,Battle royale,Epic Games,Golden Joystick Awards,0.0
144,Resident Evil 2,"Microsoft Windows, PlayStation 4, Xbox One",2019,Survival horror,Capcom,Golden Joystick Awards,14.96
145,Sakura Wars,Sega Saturn,1996,Tactical role-playing,Overworks,Japan Game Awards (formerly CESA Awards),0.66
146,Final Fantasy VII,PlayStation,1997,Role-playing,Square,Japan Game Awards (formerly CESA Awards),9.72
147,The Legend of Zelda: Ocarina of Time,Nintendo 64,1998,Action-adventure,Nintendo EAD,Japan Game Awards (formerly CESA Awards),11.93
148,Doko Demo Issyo,PlayStation,1999,Strategy,Sony Computer Entertainment,Japan Game Awards (formerly CESA Awards),1.07
149,Final Fantasy VIII,PlayStation,1999,Role-playing,Square,Japan Game Awards (formerly CESA Awards),7.86
150,Phantasy Star Online,Dreamcast,2000,Action role-playing,Sonic Team,Japan Game Awards (formerly CESA Awards),0.2
151,2001/2,Role-playing,2000,Final Fantasy X,PlayStation 2,Japan Game Awards (formerly CESA Awards),
152,Final Fantasy XI,"PlayStation 2, Microsoft Windows",2003,MMORPG,Square,Japan Game Awards (formerly CESA Awards),0.51
153,Taiko no Tatsujin,PlayStation 2,2003,Rhythm,Namco,Japan Game Awards (formerly CESA Awards),
154,Monster Hunter,PlayStation 2,2004,Action role-playing,Capcom,Japan Game Awards (formerly CESA Awards),0.5
155,Dragon Quest VIII,PlayStation 2,2005,Role-playing,Level-5,Japan Game Awards (formerly CESA Awards),
156,Final Fantasy XII,PlayStation 2,2006,Role-playing,Square Enix,Japan Game Awards (formerly CESA Awards),5.95
157,Dr. Kawashima's Brain Training,Nintendo DS,2006,Puzzle,Nintendo SDD,Japan Game Awards (formerly CESA Awards),
158,Wii Sports,Wii,2007,Sports,Nintendo EAD,Japan Game Awards (formerly CESA Awards),82.53
159,Monster Hunter Portable 2nd,PlayStation Portable,2007,Action role-playing,Capcom,Japan Game Awards (formerly CESA Awards),
160,Wii Fit,Wii,2008,Fitness,Nintendo EAD,Japan Game Awards (formerly CESA Awards),22.7
161,Monster Hunter Portable 2nd G,PlayStation Portable,2008,Action role-playing,Capcom,Japan Game Awards (formerly CESA Awards),
162,Metal Gear Solid 4: Guns of the Patriots,PlayStation 3,2009,Action-adventure,Kojima Productions,Japan Game Awards (formerly CESA Awards),5.99
163,Mario Kart Wii,Wii,2009,Racing,Nintendo EAD,Japan Game Awards (formerly CESA Awards),35.52
164,New Super Mario Bros. Wii,Wii,2010,Platformer,Nintendo EAD,Japan Game Awards (formerly CESA Awards),28.32
165,Monster Hunter Portable 3rd,PlayStation Portable,2011,Action role-playing,Capcom,Japan Game Awards (formerly CESA Awards),
166,Gravity Rush,PlayStation Vita,2012,Action-adventure,Project Siren,Japan Game Awards (formerly CESA Awards),0.56
167,JoJo's Bizarre Adventure: All Star Battle,PlayStation 3,2012,Fighting,CyberConnect2,Japan Game Awards (formerly CESA Awards),0.6399999999999999
168,Animal Crossing: New Leaf,Nintendo 3DS,2013,Social Simulation,Nintendo EAD,Japan Game Awards (formerly CESA Awards),9.16
169,Monster Hunter 4,Nintendo 3DS,2014,Action role-playing,Capcom,Japan Game Awards (formerly CESA Awards),3.44
170,Yo-kai Watch,Nintendo 3DS,2014,Role-playing,Level-5,Japan Game Awards (formerly CESA Awards),
171,Yo-kai Watch 2,Nintendo 3DS,2015,Role-playing,Level-5,Japan Game Awards (formerly CESA Awards),
172,Splatoon,Wii U,2016,Third-person shooter,Nintendo EAD,Japan Game Awards (formerly CESA Awards),4.43
173,The Legend of Zelda: Breath of the Wild,"Nintendo Switch, Wii U",2017,Action-adventure,Nintendo EPD,Japan Game Awards (formerly CESA Awards),10.8
174,Monster Hunter: World,"PlayStation 4, Xbox One",2018,Action role-playing,Capcom,Japan Game Awards (formerly CESA Awards),5.6
175,Super Smash Bros. Ultimate,Nintendo Switch,2019,Fighting,"Bandai Namco Studios, Sora Ltd.",Japan Game Awards (formerly CESA Awards),8.95
176,Grand Theft Auto III,PlayStation 2,2001,Action-adventure,DMA Design,NAVGTR Awards,13.11
177,Grand Theft Auto: Vice City,PlayStation 2,2002,Action-adventure,Rockstar North,NAVGTR Awards,16.189999999999998
178,Prince of Persia: The Sands of Time,"Game Boy Advance, PlayStation 2, GameCube, Xbox, Microsoft Windows",2003,Action-adventure,Ubisoft Montreal,NAVGTR Awards,3.63
179,Half-Life 2,Microsoft Windows,2004,First-person shooter,Valve,NAVGTR Awards,2.98
180,Shadow of the Colossus,PlayStation 2,2005,Action-adventure,Team Ico,NAVGTR Awards,1.18
181,Ōkami,PlayStation 2 Wii,2006,Action-adventure,Clover Studio,NAVGTR Awards,
182,BioShock,"Microsoft Windows, Xbox 360",2007,First-person shooter,Irrational Games,NAVGTR Awards,4.66
183,LittleBigPlanet,PlayStation 3,2008,Puzzle-platformer,Media Molecule,NAVGTR Awards,8.36
184,Batman: Arkham Asylum,"Microsoft Windows, PlayStation 3, Xbox 360",2009,Action-adventure,Rocksteady Studios,NAVGTR Awards,8.030000000000001
185,Red Dead Redemption,"PlayStation 3, Xbox 360",2010,Action-adventure,Rockstar San Diego,NAVGTR Awards,12.81
186,Minecraft,"Microsoft Windows, OS X, Linux, Android, IOS",2011,Sandbox,Mojang,NAVGTR Awards,24.159999999999997
187,Journey,PlayStation 3,2012,Adventure,Thatgamecompany,NAVGTR Awards,0.21
188,The Last of Us,PlayStation 3,2013,Action-adventure,Naughty Dog,NAVGTR Awards,10.58
189,Dragon Age: Inquisition,"Microsoft Windows, PlayStation 3, PlayStation 4, Xbox 360, Xbox One",2014,Action role-playing,BioWare,NAVGTR Awards,4.8
190,The Witcher 3: Wild Hunt,"Microsoft Windows, PlayStation 4, Xbox One",2015,Action role-playing,CD Projekt Red,NAVGTR Awards,6.0
191,Overwatch,"Microsoft Windows, PlayStation 4, Xbox One",2016,First-person shooter,Blizzard Entertainment,NAVGTR Awards,3.7300000000000004
192,Super Mario Odyssey,Nintendo Switch,2017,Platform,Nintendo EAD,NAVGTR Awards,11.71
193,God of War,PlayStation 4,2018,Action-adventure,SIE Santa Monica Studio,NAVGTR Awards,35.99
194,The Last of Us,PlayStation 3,2013,Action-adventure,Naughty Dog,SXSW Gaming Awards,10.58
195,Dragon Age: Inquisition,"Microsoft Windows, PlayStation 3, PlayStation 4, Xbox 360, Xbox One",2014,Action role-playing,BioWare,SXSW Gaming Awards,4.8
196,The Witcher 3: Wild Hunt,"Microsoft Windows, PlayStation 4, Xbox One",2015,Action role-playing,CD Projekt Red,SXSW Gaming Awards,6.0
197,Uncharted 4: A Thief's End,PlayStation 4,2016,Action-adventure,Naughty Dog,SXSW Gaming Awards,5.38
198,The Legend of Zelda: Breath of the Wild,"Nintendo Switch, Wii U",2017,Action-adventure,Nintendo EPD,SXSW Gaming Awards,10.8
199,God of War,PlayStation 4,2018,Action-adventure,SIE Santa Monica Studio,SXSW Gaming Awards,35.99
200,Pac-Man,"Arcade, Atari 2600",1983,Maze,Namco,VSDA Awards,9.03
201,NBA Jam,"Arcade, Game Gear, Sega Genesis, SNES, Game Boy, Sega CD",1994,Sports,Midway Games,VSDA Awards,5.169999999999999
202,Donkey Kong Country,SNES,1995,Platformer,Rare,VSDA Awards,13.530000000000001
203,Donkey Kong Country 2: Diddy's Kong Quest,SNES,1996,Platformer,Rare,VSDA Awards,5.15
204,GoldenEye 007,Nintendo 64,1998,First-person shooter,Rare,VSDA Awards,8.09
205,The Legend of Zelda: Ocarina of Time,Nintendo 64,1999,Action-adventure,Nintendo EAD,VSDA Awards,11.93
206,Pokémon Stadium,Nintendo 64,2000,Strategy,Nintendo EAD,VSDA Awards,
207,Tony Hawk's Pro Skater 2,"PlayStation, Microsoft Windows, Game Boy Color, Dreamcast",2001,Sports,Neversoft,VSDA Awards,6.619999999999999
208,Dishonored,,2012,Action-adventure,Arkane Studios,Ars Technica,4.29
209,"Papers, Please",,2013,Puzzle,3909 LLC,Ars Technica,
210,Dragon Age: Inquisition,,2014,Action role-playing,BioWare,Ars Technica,4.8
211,Rocket League,,2015,Sports,Psyonix,Ars Technica,0.6699999999999999
212,Overwatch,,2016,First-person shooter,Blizzard Entertainment,Ars Technica,3.7300000000000004
213,Super Mario Odyssey,,2017,Platformer,Nintendo EPD,Ars Technica,11.71
214,Celeste,,2018,Platformer,Matt Makes Games,Ars Technica,0.0
215,Control,,2019,Action-adventure,Remedy Entertainment,Ars Technica,4.7
216,BioShock,"Microsoft Windows, Xbox 360",2007,First-person shooter,Irrational Games,Destructoid,4.66
217,Left 4 Dead,"Microsoft Windows, Xbox 360",2008,First-person shooter,Valve,Destructoid,3.53
218,Uncharted 2: Among Thieves,PlayStation 3,2009,Action-adventure,Naughty Dog,Destructoid,6.66
219,Super Mario Galaxy 2,Wii,2010,Platform,Nintendo EAD,Destructoid,7.51
220,Portal 2,"Microsoft Windows, PlayStation 3, Xbox 360",2011,Puzzle-platform,Valve,Destructoid,4.54
221,The Walking Dead,"Microsoft Windows, PlayStation 3, Xbox 360",2012,Graphic adventure,Telltale Games,Destructoid,
222,The Last of Us,PlayStation 3,2013,Action-adventure,Naughty Dog,Destructoid,10.58
223,Bayonetta 2,Wii U,2014,Hack 'n' slash,PlatinumGames,Destructoid,0.76
224,Bloodborne,PlayStation 4,2015,Action role-playing,FromSoftware,Destructoid,2.48
225,Overwatch,"Microsoft Windows, PlayStation 4, Xbox One",2016,First-person shooter,Blizzard Entertainment,Destructoid,3.7300000000000004
226,The Legend of Zelda: Breath of the Wild,"Nintendo Switch, Wii U",2017,Action-adventure,Nintendo EPD,Destructoid,10.8
227,God of War,PlayStation 4,2018,Action-adventure,SIE Santa Monica Studio,Destructoid,35.99
228,The Outer Worlds,"Microsoft Windows, PlayStation 4, Xbox One",2019,Action role-playing,Obsidian Entertainment,Destructoid,0.0
229,Resident Evil 4,"GameCube, PlayStation 2",2005,Survival horror,Capcom,Easy Allies (formerly GameTrailers),7.56
230,The Legend of Zelda: Twilight Princess,"GameCube, Wii",2006,Action-adventure,Nintendo EAD,Easy Allies (formerly GameTrailers),8.74
231,Super Mario Galaxy,Wii,2007,Platformer,Nintendo EAD,Easy Allies (formerly GameTrailers),11.35
232,Grand Theft Auto IV,"Microsoft Windows, PlayStation 3, Xbox 360",2008,Action-adventure,Rockstar North,Easy Allies (formerly GameTrailers),22.389999999999997
233,Call of Duty: Modern Warfare 2,"Microsoft Windows, PlayStation 3, Xbox 360",2009,First-person shooter,Infinity Ward,Easy Allies (formerly GameTrailers),24.95
234,Mass Effect 2,"Microsoft Windows, PlayStation 3, Xbox 360",2010,Action role-playing,BioWare,Easy Allies (formerly GameTrailers),4.9399999999999995
235,Uncharted 3: Drake's Deception,PlayStation 3,2011,Action-adventure,Naughty Dog,Easy Allies (formerly GameTrailers),6.74
236,XCOM: Enemy Unknown,"Microsoft Windows, PlayStation 3, Xbox 360",2012,Turn-based tactics,Firaxis Games,Easy Allies (formerly GameTrailers),1.9
237,The Last of Us,PlayStation 3,2013,Action-adventure,Naughty Dog,Easy Allies (formerly GameTrailers),10.58
238,Hearthstone: Heroes of Warcraft,"Android, iOS, Microsoft Windows, OS X",2014,Collectible card,Blizzard Entertainment,Easy Allies (formerly GameTrailers),
239,Bloodborne,PlayStation 4,2015,Action role-playing,FromSoftware,Easy Allies (formerly GameTrailers),2.48
240,The Last Guardian,PlayStation 4,2016,Action-adventure,SIE Japan Studio,Easy Allies (formerly GameTrailers),
241,The Legend of Zelda: Breath of the Wild,"Nintendo Switch, Wii U",2017,Action-adventure,Nintendo EPD,Easy Allies (formerly GameTrailers),10.8
242,God of War,PlayStation 4,2018,Action-adventure,SIE Santa Monica Studio,Easy Allies (formerly GameTrailers),35.99
243,Sekiro: Shadows Die Twice,"Microsoft Windows, PlayStation 4, Xbox One",2019,Action-adventure,FromSoftware,Easy Allies (formerly GameTrailers),0.0
244,The Legend of Zelda: Ocarina of Time,Nintendo 64,1998,Action-adventure,Nintendo EAD,Edge,11.93
245,Metroid Prime,GameCube,2002,Action-adventure,Retro Studios,Edge,2.82
246,Half-Life 2,Microsoft Windows,2004,First-person shooter,Valve,Edge,2.98
247,Resident Evil 4,"GameCube, PlayStation 2",2005,Survival horror,Capcom,Edge,7.56
248,Final Fantasy XII,PlayStation 2,2006,Role-playing,Square Enix,Edge,5.95
249,Super Mario Galaxy,Wii,2007,Platformer,Nintendo EAD,Edge,11.35
250,Grand Theft Auto IV,"Microsoft Windows, PlayStation 3, Xbox 360",2008,Action-adventure,Rockstar North,Edge,22.389999999999997
251,Borderlands,"Microsoft Windows, PlayStation 3, Xbox 360",2009,Action role-playing,Gearbox Software,Edge,5.709999999999999
252,Super Mario Galaxy 2,Wii,2010,Platformer,Nintendo EAD,Edge,7.51
253,The Legend of Zelda: Skyward Sword,Wii,2011,Action-adventure,Nintendo EAD,Edge,3.95
254,Dishonored,"Microsoft Windows, PlayStation 3, Xbox 360",2012,Action-adventure,Arkane Studios,Edge,4.29
255,Grand Theft Auto V,"PlayStation 3, Xbox 360",2013,Action-adventure,Rockstar North,Edge,56.57000000000001
256,Bayonetta 2,Wii U,2014,Action,PlatinumGames,Edge,0.76
257,Bloodborne,PlayStation 4,2015,Action role-playing,FromSoftware,Edge,2.48
258,The Last Guardian,PlayStation 4,2016,Action-adventure,SIE Japan Studio,Edge,
259,The Legend of Zelda: Breath of the Wild,"Nintendo Switch, Wii U",2017,Action-adventure,Nintendo EPD,Edge,10.8
260,Red Dead Redemption 2,"PlayStation 4, Xbox One",2018,Action-adventure,Rockstar Studios,Edge,19.71
261,Outer Wilds,"Microsoft Windows, PlayStation 4, Xbox One",2019,Action-adventure,Mobius Digital,Edge,0.0
262,Double Dragon,"Arcade, NES, SMS",1988,Beat 'em up,Technōs Japan,Electronic Gaming Monthly,0.47
263,Ghouls 'n Ghosts,"Arcade, Sega Genesis",1989,Platform,Capcom,Electronic Gaming Monthly,
264,Strider,"Arcade, Sega Genesis",1990,Platform,Capcom,Electronic Gaming Monthly,
265,Sonic the Hedgehog,Sega Genesis,1991,Platformer,Sonic Team,Electronic Gaming Monthly,7.02
266,Street Fighter II: The World Warrior,"Arcade, SNES",1992,Fighting,Capcom,Electronic Gaming Monthly,6.3
267,Samurai Shodown,"Arcade, Neo-Geo",1993,Fighting,SNK,Electronic Gaming Monthly,0.47000000000000003
268,Donkey Kong Country,SNES,1994,Platformer,Rare,Electronic Gaming Monthly,13.530000000000001
269,Twisted Metal,PlayStation,1995,Vehicular combat,SingleTrac,Electronic Gaming Monthly,1.56
270,Super Mario 64,Nintendo 64,1996,Platformer,Nintendo EAD,Electronic Gaming Monthly,22.19
271,GoldenEye 007,Nintendo 64,1997,First-person shooter,Rare,Electronic Gaming Monthly,8.09
272,The Legend of Zelda: Ocarina of Time,Nintendo 64,1998,Action-adventure[181],Nintendo EAD,Electronic Gaming Monthly,11.93
273,Soul Calibur,Sega Dreamcast,1999,Fighting,Namco,Electronic Gaming Monthly,
274,Tony Hawk's Pro Skater 2,"PlayStation, Nintendo 64, Game Boy Color, Dreamcast",2000,Sports,Neversoft,Electronic Gaming Monthly,6.619999999999999
275,Halo: Combat Evolved,Xbox,2001,First-person shooter,Bungie,Electronic Gaming Monthly,6.47
276,Metroid Prime,GameCube,2002,Action-adventure,Retro Studios,Electronic Gaming Monthly,2.82
277,Prince of Persia: The Sands of Time,"Game Boy Advance, PlayStation 2, GameCube, Xbox, Microsoft Windows",2003,Action-adventure,Ubisoft Montreal,Electronic Gaming Monthly,3.63
278,Halo 2,Xbox,2004,First-person shooter,Bungie,Electronic Gaming Monthly,8.58
279,Resident Evil 4,"GameCube, PlayStation 2",2005,Survival horror,Capcom,Electronic Gaming Monthly,7.56
280,The Legend of Zelda: Twilight Princess,"GameCube, Wii",2006,Action-adventure,Nintendo EAD,Electronic Gaming Monthly,8.74
281,BioShock,"Microsoft Windows, Xbox 360",2007,First-person shooter,Irrational Games,Electronic Gaming Monthly,4.66
282,Grand Theft Auto IV,"Microsoft Windows, PlayStation 3, Xbox 360",2008,Action-adventure,Rockstar North,Electronic Gaming Monthly,22.389999999999997
283,Uncharted 2: Among Thieves,PlayStation 3,2009,Action-adventure,Naughty Dog,Electronic Gaming Monthly,6.66
284,Red Dead Redemption,"PlayStation 3, Xbox 360",2010,Action-adventure,Rockstar San Diego,Electronic Gaming Monthly,12.81
285,The Elder Scrolls V: Skyrim,"Microsoft Windows, PlayStation 3, Xbox 360",2011,Action role-playing,Bethesda Game Studios,Electronic Gaming Monthly,21.149999999999995
286,Far Cry 3,"Microsoft Windows, PlayStation 3, Xbox 360",2012,First-person shooter,Ubisoft Montreal,Electronic Gaming Monthly,7.31
287,BioShock Infinite,"Microsoft Windows, PlayStation 3, Xbox 360",2013,First-person shooter,Irrational Games,Electronic Gaming Monthly,4.28
288,Dragon Age: Inquisition,"Microsoft Windows, PlayStation 3, PlayStation 4, Xbox 360, Xbox One",2014,Action role-playing,BioWare,Electronic Gaming Monthly,4.8
289,The Witcher 3: Wild Hunt,"Microsoft Windows, PlayStation 4, Xbox One",2015,Action role-playing,CD Projekt Red,Electronic Gaming Monthly,6.0
290,Overwatch,"Microsoft Windows, PlayStation 4, Xbox One",2016,First-person shooter,Blizzard Entertainment,Electronic Gaming Monthly,3.7300000000000004
291,The Legend of Zelda: Breath of the Wild,"Nintendo Switch, Wii U",2017,Action-adventure,Nintendo EPD,Electronic Gaming Monthly,10.8
292,Red Dead Redemption 2,"PlayStation 4, Xbox One",2018,Action-adventure,Rockstar Studios,Electronic Gaming Monthly,19.71
293,Control,"Microsoft Windows, PlayStation 4, Xbox One",2019,Action-adventure,Remedy Entertainment,Electronic Gaming Monthly,4.7
294,Dark Souls II,"Microsoft Windows, PlayStation 3, Xbox 360",2014,Action role-playing,FromSoftware,Empire,3.01
295,Bloodborne,PlayStation 4,2015,Action role-playing,FromSoftware,Empire,2.48
296,Uncharted 4: A Thief's End,PlayStation 4,2016,Action-adventure,Naughty Dog,Empire,5.38
297,Super Mario Odyssey,Nintendo Switch,2017,Platform,Nintendo EAD,Empire,11.71
298,God of War,PlayStation 4,2018,Action-adventure,SIE Santa Monica Studio,Empire,35.99
299,Resident Evil 2,"Microsoft Windows, PlayStation 4, Xbox One",2019,Action-adventure,Capcom,Empire,14.96
300,BioShock,"Microsoft Windows, Xbox 360",2007,First-person shooter,Irrational Games,Entertainment Weekly,4.66
301,Wii Fit,Wii,2008,Fitness game,Nintendo EAD,Entertainment Weekly,22.7
302,Red Dead Redemption,"PlayStation 3, Xbox 360",2010,Action-adventure,Rockstar San Diego,Entertainment Weekly,12.81
303,Journey,PlayStation 3,2012,Adventure,Thatgamecompany,Entertainment Weekly,0.21
304,BioShock Infinite,"Microsoft Windows, PlayStation 3, Xbox 360",2013,First-person shooter,Irrational Games,Entertainment Weekly,4.28
305,Metal Gear Solid V: The Phantom Pain,"Microsoft Windows, PlayStation 3, PlayStation 4, Xbox 360, Xbox One",2015,Action-adventure,Kojima Productions,Entertainment Weekly,5.06
306,Inside,"Microsoft Windows, PlayStation 4, Xbox One",2016,Puzzle-platformer,Playdead,Entertainment Weekly,
307,The Legend of Zelda: Breath of the Wild,"Nintendo Switch, Wii U",2017,Action-adventure,Nintendo EPD,Entertainment Weekly,10.8
308,God of War,PlayStation 4,2018,Action-adventure,SIE Santa Monica Studio,Entertainment Weekly,35.99
309,Unreal Tournament,Microsoft Windows,1999,First-person shooter,Epic Games,Eurogamer,0.58
310,Deus Ex,"Microsoft Windows, Mac OS",2000,Action role-playing,Ion Storm,Eurogamer,0.01
311,Grand Theft Auto III,PlayStation 2,2001,Action-adventure,DMA Design,Eurogamer,13.11
312,Ico,PlayStation 2,2002,Action-adventure,Team Ico,Eurogamer,
313,Grand Theft Auto: Vice City,PlayStation 2,2003,Action-adventure,Rockstar North,Eurogamer,16.189999999999998
314,Half-Life 2,Microsoft Windows,2004,First-person shooter,Valve,Eurogamer,2.98
315,Psychonauts,"Microsoft Windows, Xbox, PlayStation 2",2005,Platformer,Double Fine Productions,Eurogamer,0.21
316,Guitar Hero,PlayStation 2,2006,Rhythm,Harmonix,Eurogamer,2.38
317,Portal,"Microsoft Windows, PlayStation 3, Xbox 360",2007,Puzzle-platformer,Valve,Eurogamer,
318,LittleBigPlanet,PlayStation 3,2008,Puzzle-platformer,Media Molecule,Eurogamer,8.36
319,Uncharted 2: Among Thieves,PlayStation 3,2009,Action-adventure,Naughty Dog,Eurogamer,6.66
320,Mass Effect 2,"Microsoft Windows, PlayStation 3, Xbox 360",2010,Action role-playing,BioWare,Eurogamer,4.9399999999999995
321,Portal 2,"Microsoft Windows, OS X, PlayStation 3, Xbox 360",2011,Puzzle-platformer,Valve,Eurogamer,4.54
322,Fez,Xbox 360,2012,Puzzle-platformer,Polytron Corporation,Eurogamer,
323,Super Mario 3D World,Wii U,2013,Platformer,Nintendo EAD,Eurogamer,4.32
324,Mario Kart 8,Wii U,2014,Racing,Nintendo EAD,Eurogamer,7.09
325,Bloodborne,PlayStation 4,2015,Action role-playing,FromSoftware,Eurogamer,2.48
326,Overwatch,"Microsoft Windows, PlayStation 4, Xbox One",2016,First-person shooter,Blizzard Entertainment,Eurogamer,3.7300000000000004
327,The Legend of Zelda: Breath of the Wild,"Nintendo Switch, Wii U",2017,Action-adventure,Nintendo EPD,Eurogamer,10.8
328,Tetris Effect,"PlayStation 4, PlayStation VR",2018,Puzzle,Monstars Inc. and Resonair,Eurogamer,0.25
329,Outer Wilds,"Microsoft Windows, PlayStation 4, Xbox One",2019,Action-adventure,Mobius Digital,Eurogamer,0.0
330,Dragon Quest IV: Chapters of the Chosen,Famicom,1990,Role-playing,Chunsoft,Famitsu,1.62
331,Monster Hunter,PlayStation 2,2004,Action role-playing,Capcom,Famitsu,0.5
332,Resident Evil 4,"GameCube, PlayStation 2",2005,Survival horror,Capcom,Famitsu,7.56
333,Kingdom Hearts II,PlayStation 2,2005,Action role-playing,Square Enix,Famitsu,5.5600000000000005
334,Final Fantasy XII,PlayStation 2,2006,Role-playing,Square Enix,Famitsu,5.95
335,Pokémon Diamond and Pearl,Nintendo DS,2006,Role-playing,Game Freak,Famitsu,
336,Super Mario Galaxy,Wii,2007,Platformer,Nintendo EAD,Famitsu,11.35
337,Monster Hunter Portable 2nd,PlayStation Portable,2007,Action role-playing,Capcom,Famitsu,
338,Monster Hunter Portable 2nd G,PlayStation Portable,2008,Action role-playing,Capcom,Famitsu,
339,Dragon Quest IX: Sentinels of the Starry Skies,Nintendo DS,2009,Role-playing,Level-5,Famitsu,5.78
340,Monster Hunter Portable 3rd,PlayStation Portable,2010,Action role-playing,Capcom,Famitsu,
341,Monster Hunter Tri G,Nintendo 3DS,2011,Action role-playing,Capcom Production Studio 1,Famitsu,
342,Animal Crossing: New Leaf,Nintendo 3DS,2012,Life simulation,Nintendo EAD,Famitsu,9.16
343,Monster Hunter 4,Nintendo 3DS,2013,Action role-playing,Capcom,Famitsu,3.44
344,"Yo-kai Watch 2: ""Pioneer & Originator"" and ""Star Performer""",Nintendo 3DS,2014,Role-playing,Level-5,Famitsu,
345,Splatoon,Wii U,2015,Third-person shooter,Nintendo EAD,Famitsu,4.43
346,Pokémon Sun and Moon,Nintendo 3DS,2016,Role-playing,Game Freak,Famitsu,
347,The Legend of Zelda: Breath of the Wild,Wii U / Switch,2017,Action-adventure,Nintendo EPD,Famitsu,10.8
348,Dragon Quest XI: Echoes of an Elusive Age,3DS / PS4,2017,Role-playing,Square Enix,Famitsu,
349,Monster Hunter: World,PS4 / Xbox One / PC,2018,Action role-playing,Capcom,Famitsu,5.6
350,Super Smash Bros. Ultimate,Switch,2018,Fighting,Bandai Namco Studios / Sora Ltd.,Famitsu,8.95
351,Street Fighter II,SNES,1992,Fighting,Capcom,Game Informer,
352,Mortal Kombat,Midway Games,1993,Fighting,,Game Informer,8.28
353,Donkey Kong Country,Rare,1994,Platformer,,Game Informer,13.530000000000001
354,Donkey Kong Country 2: Diddy Kong's Quest,Rare,1995,Platformer,,Game Informer,
355,Super Mario 64,Nintendo 64,1996,Platformer,Nintendo EAD,Game Informer,22.19
356,Final Fantasy VII,PlayStation,1997,Role-playing,Square,Game Informer,9.72
357,The Legend of Zelda: Ocarina of Time,Nintendo 64,1998,Action-adventure,Nintendo EAD,Game Informer,11.93
358,Tony Hawk's Pro Skater,"PlayStation, Nintendo 64, Game Boy Color, Dreamcast",1999,Sports,Neversoft,Game Informer,8.459999999999999
359,Tony Hawk's Pro Skater 2,"PlayStation, Microsoft Windows, Game Boy Color, Dreamcast",2000,Sports,Neversoft,Game Informer,6.619999999999999
360,Metal Gear Solid 2: Sons of Liberty,PlayStation 2,2001,Action-adventure,Konami Computer Entertainment Japan,Game Informer,6.05
361,Grand Theft Auto: Vice City,PlayStation 2,2002,Action-adventure,Rockstar North,Game Informer,16.189999999999998
362,The Legend of Zelda: The Wind Waker,GameCube,2003,Action-adventure,Nintendo EAD,Game Informer,6.39
363,Halo 2,"Xbox 360, Microsoft Windows",2004,First-person shooter,Bungie,Game Informer,8.58
364,Resident Evil 4,"GameCube, PlayStation 2",2005,Survival horror,Capcom,Game Informer,7.56
365,The Legend of Zelda: Twilight Princess,"GameCube, Wii",2006,Action-adventure,Nintendo EAD,Game Informer,8.74
366,BioShock,"Microsoft Windows, Xbox 360",2007,First-person shooter,Irrational Games,Game Informer,4.66
367,Grand Theft Auto IV,"Microsoft Windows, PlayStation 3, Xbox 360",2008,Action-adventure,Rockstar North,Game Informer,22.389999999999997
368,Uncharted 2: Among Thieves,PlayStation 3,2009,Action-adventure,Naughty Dog,Game Informer,6.66
369,Red Dead Redemption,"PlayStation 3, Xbox 360",2010,Action-adventure,Rockstar San Diego,Game Informer,12.81
370,The Elder Scrolls V: Skyrim,"Microsoft Windows, PlayStation 3, Xbox 360",2011,Action role-playing,Bethesda Game Studios,Game Informer,21.149999999999995
371,Mass Effect 3,"Microsoft Windows, PlayStation 3, Xbox 360",2012,Action role-playing,BioWare,Game Informer,5.699999999999999
372,The Last of Us,PlayStation 3,2013,Action-adventure,Naughty Dog,Game Informer,10.58
373,Dragon Age: Inquisition,"Microsoft Windows, PlayStation 3, PlayStation 4, Xbox 360, Xbox One",2014,Action role-playing,BioWare,Game Informer,4.8
374,The Witcher 3: Wild Hunt,"Microsoft Windows, PlayStation 4, Xbox One",2015,Action role-playing,CD Projekt Red,Game Informer,6.0
375,Overwatch,Blizzard Entertainment,2016,First-person shooter,,Game Informer,3.7300000000000004
376,The Legend of Zelda: Breath of the Wild,"Nintendo Switch, Wii U",2017,Action-adventure,Nintendo EPD,Game Informer,10.8
377,God of War,PlayStation 4,2018,Action-adventure,SIE Santa Monica Studio,Game Informer,35.99
378,Control,"Microsoft Windows, PlayStation 4, Xbox One",2019,Action-adventure,Remedy Entertainment,Game Informer,4.7
379,Diablo,Microsoft Windows,1996,Action role-playing,Blizzard North,GameSpot,2.17
380,Total Annihilation,"Microsoft Windows, Mac OS",1997,Real-time strategy,Cavedog Entertainment,GameSpot,
381,Console: The Legend of Zelda: Ocarina of Time,Nintendo 64,1998,Action-adventure,Nintendo EAD,GameSpot,
382,PC: Grim Fandango,Microsoft Windows,1998,Graphic adventure,LucasArts,GameSpot,
383,Console: Soulcalibur,"Arcade, Dreamcast",1999,Fighting,Namco,GameSpot,
384,PC: EverQuest,Microsoft Windows,1999,MMORPG,Sony Online Entertainment,GameSpot,
385,Console: Chrono Cross,PlayStation,2000,Role-playing,Square,GameSpot,
386,PC: The Sims,"Microsoft Windows, Mac OS",2000,Life simulation,Maxis,GameSpot,
387,Console: Grand Theft Auto III,PlayStation 2,2001,Action-adventure,DMA Design,GameSpot,
388,PC: Serious Sam: The First Encounter,Microsoft Windows,2001,First-person shooter,Croteam,GameSpot,
389,Metroid Prime,GameCube,2002,Action-adventure,Retro Studios,GameSpot,2.82
390,The Legend of Zelda: The Wind Waker,GameCube,2003,Action-adventure,Nintendo EAD,GameSpot,6.39
391,World of Warcraft,"Microsoft Windows, OS X",2004,MMORPG,Blizzard Entertainment,GameSpot,6.29
392,Resident Evil 4,"GameCube, PlayStation 2",2005,Survival horror,Capcom,GameSpot,7.56
393,Gears of War,Xbox 360,2006,Third-person shooter,Epic Games,GameSpot,6.109999999999999
394,Super Mario Galaxy,Wii,2007,Platformer,Nintendo EAD,GameSpot,11.35
395,Metal Gear Solid 4: Guns of the Patriots,PlayStation 3,2008,Action-adventure,Kojima Productions,GameSpot,5.99
396,Demon's Souls,PlayStation 3,2009,Action role-playing,FromSoftware,GameSpot,1.82
397,Red Dead Redemption,"PlayStation 3, Xbox 360",2010,Action-adventure,Rockstar San Diego,GameSpot,12.81
398, The Elder Scrolls V: Skyrim,"Microsoft Windows, PlayStation 3, Xbox 360",2011,Action role-playing,Bethesda Game Studios,GameSpot,
399, Journey,PlayStation 3,2012,Adventure,Thatgamecompany,GameSpot,
400, The Legend of Zelda: A Link Between Worlds,Nintendo 3DS,2013,Action-adventure,Nintendo EAD,GameSpot,
401,Middle-earth: Shadow of Mordor,"Microsoft Windows, PlayStation 3, PlayStation 4, Xbox 360, Xbox One",2014,Action-adventure,Monolith Productions,GameSpot,
402,The Witcher 3: Wild Hunt,"Microsoft Windows, PlayStation 4, Xbox One",2015,Action role-playing,CD Projekt Red,GameSpot,6.0
403,Overwatch,"Microsoft Windows, PlayStation 4, Xbox One",2016,First-person shooter,Blizzard Entertainment,GameSpot,3.7300000000000004
404,The Legend of Zelda: Breath of the Wild,"Nintendo Switch, Wii U",2017,Action-adventure,Nintendo EPD,GameSpot,10.8
405,Red Dead Redemption 2,"PlayStation 4, Xbox One",2018,Action-adventure,Rockstar Studios,GameSpot,19.71
406,Sekiro: Shadows Die Twice,"Microsoft Windows, PlayStation 4, Xbox One",2019,Action-adventure,FromSoftware,GameSpot,0.0
407,The Legend of Zelda: Twilight Princess,"GameCube, Wii",2006,Action-adventure,Nintendo EAD,GamesRadar+,8.74
408,The Orange Box,"Microsoft Windows, Xbox 360, PlayStation 3, OS X, Linux",2007,First-person shooter,Valve,GamesRadar+,3.02
409,Fallout 3,"Microsoft Windows, PlayStation 3, Xbox 360",2008,Action role-playing,Bethesda Game Studios,GamesRadar+,9.85
410,Batman: Arkham Asylum,"Microsoft Windows, PlayStation 3, Xbox 360",2009,Action-adventure,Rocksteady Studios,GamesRadar+,8.030000000000001
411,Red Dead Redemption,"PlayStation 3, Xbox 360",2010,Action-adventure,Rockstar San Diego,GamesRadar+,12.81
412,Portal 2,"Microsoft Windows, OS X, PlayStation 3, Xbox 360",2011,Puzzle-platformer,Valve,GamesRadar+,4.54
413,The Walking Dead,"iOS, Microsoft Windows, OS X, PlayStation 3, Xbox 360",2012,Graphic adventure,Telltale Games,GamesRadar+,
414,The Last of Us,PlayStation 3,2013,Action-adventure,Naughty Dog,GamesRadar+,10.58
415,Destiny,"PlayStation 3, PlayStation 4, Xbox 360, Xbox One",2014,Action role-playing,Bungie,GamesRadar+,12.55
416,Metal Gear Solid V: The Phantom Pain,"Microsoft Windows, PlayStation 3, PlayStation 4, Xbox 360, Xbox One",2015,Action-adventure,Kojima Productions,GamesRadar+,5.06
417,Titanfall 2,"Microsoft Windows, PlayStation 4, Xbox One",2016,First-person shooter,Respawn Entertainment,GamesRadar+,1.4
418,The Legend of Zelda: Breath of the Wild,"Nintendo Switch, Nintendo Wii U",2017,Action-adventure,Nintendo EPD,GamesRadar+,10.8
419,God of War,PlayStation 4,2018,Action-adventure,SIE Santa Monica Studio,GamesRadar+,35.99
420,Control,"Microsoft Windows, PlayStation 4, Xbox One",2019,Action-adventure,Remedy Entertainment,GamesRadar+,4.7
421,Grand Theft Auto IV,"Microsoft Windows, PlayStation 3, Xbox 360",2008,Action-adventure,Rockstar North,Giant Bomb,22.389999999999997
422,Uncharted 2: Among Thieves,PlayStation 3,2009,Action-adventure,Naughty Dog,Giant Bomb,6.66
423,Mass Effect 2,"Microsoft Windows, PlayStation 3, Xbox 360",2010,Action role-playing,BioWare,Giant Bomb,4.9399999999999995
424, The Elder Scrolls V: Skyrim,"Microsoft Windows, PlayStation 3, Xbox 360",2011,Action role-playing,Bethesda Game Studios,Giant Bomb,
425, XCOM: Enemy Unknown,"Microsoft Windows, PlayStation 3, Xbox 360",2012,Turn-based tactics,Firaxis Games,Giant Bomb,
426, The Last of Us,PlayStation 3,2013,Action-adventure,Naughty Dog,Giant Bomb,
427, Middle-earth: Shadow of Mordor,"Microsoft Windows, PlayStation 3, PlayStation 4, Xbox 360, Xbox One",2014,Action-adventure,Monolith Productions,Giant Bomb,
428, Super Mario Maker,Wii U,2015,Platformer,Nintendo EAD,Giant Bomb,
429,Hitman,"Microsoft Windows, PlayStation 4, Xbox One",2016,Stealth,IO Interactive,Giant Bomb,
430,PlayerUnknown's Battlegrounds,"Microsoft Windows, Xbox One",2017,Battle royale,PUBG Corporation,Giant Bomb,
431,Tetris Effect,"PlayStation 4, PlayStation VR",2018,Puzzle,Monstars Inc./Resonai,Giant Bomb,0.25
432,Outer Wilds,"Microsoft Windows, PlayStation 4, Xbox One",2019,Action-adventure,Mobius Digital,Giant Bomb,0.0
433,Far Cry 3,"Microsoft Windows, PlayStation 3, Xbox 360",2012,First-person shooter,Ubisoft,Hardcore Gamer,7.31
434,The Last of Us,PlayStation 3,2013,Action-adventure,Naughty Dog,Hardcore Gamer,10.58
435,Dragon Age: Inquisition,"Microsoft Windows, PlayStation 3, PlayStation 4, Xbox 360, Xbox One",2014,Action role-playing,BioWare,Hardcore Gamer,4.8
436,Tales from the Borderlands,"Android, iOS, Microsoft Windows, OS X, PlayStation 3, PlayStation 4, Xbox 360, Xbox One",2015,Graphic adventure,Telltale Games,Hardcore Gamer,
437,Owlboy,"Microsoft Windows, macOS, Linux, Nintendo Switch, PlayStation 4, Xbox One",2016,Platform-adventure,D-Pad Studio,Hardcore Gamer,
438,Nier: Automata,"Microsoft Windows, PlayStation 4, Xbox One",2017,Action role-playing,PlatinumGames,Hardcore Gamer,
439,God of War,PlayStation 4,2018,Action-adventure,SIE Santa Monica Studio,Hardcore Gamer,35.99
440,Resident Evil 2,"Microsoft Windows, PlayStation 4, Xbox One",2019,Survival horror,Capcom,Hardcore Gamer,14.96
441,Halo: Combat Evolved,Xbox,2001,First-person shooter,Bungie,IGN,6.47
442,Battlefield 1942,Microsoft Windows,2002,First-person shooter,Digital Illusions CE,IGN,0.03
443,Star Wars: Knights of the Old Republic,"Microsoft Windows, Xbox",2003,Role-playing,BioWare,IGN,2.33
444,Half-Life 2,Microsoft Windows,2004,First-person shooter,Valve,IGN,2.98
445,God of War,PlayStation 2,2005,Action-adventure,SCE Santa Monica Studio,IGN,35.99
446,Ōkami,PlayStation 2,2006,Action-adventure,Clover Studio,IGN,
447,Super Mario Galaxy,Wii,2007,Platformer,Nintendo EAD,IGN,11.35
448,Fallout 3,"Microsoft Windows, PlayStation 3, Xbox 360",2008,Action role-playing,Bethesda Game Studios,IGN,9.85
449,Uncharted 2: Among Thieves,PlayStation 3,2009,Action-adventure,Naughty Dog,IGN,6.66
450,Mass Effect 2,"Microsoft Windows, Xbox 360, PlayStation 3",2010,Action role-playing,BioWare,IGN,4.9399999999999995
451,Portal 2,"Microsoft Windows, OS X, PlayStation 3, Xbox 360",2011,Puzzle-platformer,Valve,IGN,4.54
452,Journey,PlayStation 3,2012,Adventure,Thatgamecompany,IGN,0.21
453,The Last of Us ,PlayStation 3,2013,Action-adventure,Naughty Dog,IGN,
454,Dragon Age: Inquisition,"Microsoft Windows, PlayStation 3, PlayStation 4, Xbox 360, Xbox One",2014,Action role-playing,BioWare,IGN,4.8
455,The Witcher 3: Wild Hunt,"Microsoft Windows, PlayStation 4, Xbox One",2015,Action role-playing,CD Projekt Red,IGN,6.0
456,Overwatch,"Microsoft Windows, PlayStation 4, Xbox One",2016,First-person shooter,Blizzard Entertainment,IGN,3.7300000000000004
457,The Legend of Zelda: Breath of the Wild,"Nintendo Switch, Wii U",2017,Action-adventure,Nintendo EPD,IGN,10.8
458,God of War,PlayStation 4,2018,Action-adventure,SIE Santa Monica Studio,IGN,35.99
459,Control,"Microsoft Windows, PlayStation 4, Xbox One",2019,Action-adventure,Remedy Entertainment,IGN,4.7
460,The Walking Dead,"iOS, Microsoft Windows, OS X, PlayStation 3, Xbox 360",2012,Graphic adventure,Telltale Games,Polygon,
461,Gone Home,"Microsoft Windows, OS X, Linux",2013,Adventure,The Fullbright Company,Polygon,
462,Dragon Age: Inquisition,"Microsoft Windows, PlayStation 3, PlayStation 4, Xbox 360, Xbox One",2014,Action role-playing,BioWare,Polygon,4.8
463,Her Story,"Microsoft Windows, OS X, iOS",2015,Interactive movie,Sam Barlow,Polygon,
464,Doom,"Microsoft Windows, PlayStation 4, Xbox One",2016,First-person shooter,id Software,Polygon,0.9500000000000001
465,The Legend of Zelda: Breath of the Wild,"Nintendo Switch, Wii U",2017,Action-adventure,Nintendo EPD,Polygon,10.8
466,God of War,PlayStation 4,2018,Action-adventure,SIE Santa Monica Studio,Polygon,35.99
467,Outer Wilds,"Microsoft Windows, PlayStation 4, Xbox One",2019,Action-adventure,Mobius Digital,Polygon,0.0
468,Wii Sports,Wii,2006,Sports,Nintendo EAD,Time,82.53
469,Halo 3,Xbox 360,2007,First-person shooter,Bungie,Time,12.12
470,Grand Theft Auto IV,"Microsoft Windows, PlayStation 3, Xbox 360",2008,Action-adventure,Rockstar North,Time,22.389999999999997
471,Call of Duty: Modern Warfare 2,"Microsoft Windows, PlayStation 3, Xbox 360",2009,First-person shooter,Infinity Ward,Time,24.95
472,Alan Wake,Xbox 360,2010,Action-adventure,Remedy Entertainment,Time,1.3900000000000001
473,Minecraft,"Microsoft Windows, OS X, Linux, Android, iOS",2011,Sandbox,Mojang,Time,24.159999999999997
474,Guild Wars 2,Microsoft Windows,2012,MMORPG,ArenaNet,Time,2.31
475,Grand Theft Auto V,"PlayStation 3, Xbox 360",2013,Action-adventure,Rockstar North,Time,56.57000000000001
476,80 Days,"iOS, Android",2014,Interactive fiction,Inkle,Time,
477,Prune,"iOS, Android",2015,Puzzle,Joel McDonald,Time,
478,The Witness,"Microsoft Windows, PlayStation 4, Xbox One, iOS",2016,Puzzle,"Thekla, Inc.",Time,
479,The Legend of Zelda: Breath of the Wild,"Nintendo Switch, Wii U",2017,Action-adventure,Nintendo EPD,Time,10.8
480,God of War,PlayStation 4,2018,Action-adventure,SIE Santa Monica Studio,Time,35.99
481,Super Mario Maker,Wii U,2015,Platform,Nintendo EAD,USgamer,3.21
482,Overwatch,"Microsoft Windows, PlayStation 4, Xbox One",2016,First-person shooter,Blizzard Entertainment,USgamer,3.7300000000000004
483,The Legend of Zelda: Breath of the Wild,"Nintendo Switch, Wii U",2017,Action-adventure,Nintendo EPD,USgamer,10.8
484,Red Dead Redemption 2,"PlayStation 4, Xbox One",2018,Action-adventure,Rockstar Studios,USgamer,19.71
485,Disco Elysium,Microsoft Windows,2019,Role-playing,ZA/UM,USgamer,0.0
486,Super Mario Galaxy,Wii,2007,Platformer,Nintendo EAD,Yahoo!,11.35
487,Fallout 3,"Microsoft Windows, PlayStation 3, Xbox 360",2008,Action role-playing,Bethesda Game Studios,Yahoo!,9.85
488,Uncharted 2: Among Thieves,PlayStation 3,2009,Action-adventure,Naughty Dog,Yahoo!,6.66
489,Red Dead Redemption,"PlayStation 3, Xbox 360",2010,Action-adventure,Rockstar San Diego,Yahoo!,12.81
490,Batman: Arkham City,"Microsoft Windows, PlayStation 3, Xbox 360",2011,Action-adventure,Rocksteady Studios,Yahoo!,11.1
491,The Walking Dead,"iOS, Microsoft Windows, OS X, PlayStation 3, Xbox 360",2012,Graphic adventure,Telltale Games,Yahoo!,
492,The Last of Us,PlayStation 3,2013,Action-adventure,Naughty Dog,Yahoo!,10.58
493,Dragon Age: Inquisition,"Microsoft Windows, PlayStation 3, PlayStation 4, Xbox 360, Xbox One",2014,Action role-playing,BioWare,Yahoo!,4.8
494,The Witcher 3: Wild Hunt,"Microsoft Windows, PlayStation 4, Xbox One",2015,Action role-playing,CD Projekt Red,Yahoo!,6.0
495,The Legend of Zelda: Breath of the Wild,"Nintendo Switch, Wii U",2017,Action-adventure,Nintendo EPD,Yahoo!,10.8
